{
    "controls": [
        {
            "type": "color",
            "vars": [
                "*-color",
                "*-border",
                "*-border-top",
                "*-border-bottom",
                "*-border-left",
                "*-border-right",
                "*-background",
                "*-text-shadow",
                "*-box-shadow",
                "*-gradient-top",
                "*-gradient-bottom"
            ]
        },
        {
        "type": "font",
        "vars": [
          "*-font-family"
        ],
        "options":
          {
              "System Fonts": [
                  {"name": "Arial", "value": "\"Helvetica Neue\", Helvetica, Arial, sans-serif"},
                  {"name": "Consolas", "value": "Consolas, monospace, serif"},
                  {"name": "Georgia", "value": "Georgia, \"Times New Roman\", Times, serif"},
                  {"name": "Lucida", "value": "\"Lucida Grande\", \"Lucida Sans Unicode\", Arial, Verdana, sans-serif"},
                  {"name": "Times New Roman", "value": "\"Times New Roman\", Times, serif"},
                  {"name": "Trebuchet", "value": "\"Trebuchet MS\", Verdana, Arial, sans-serif"},
                  {"name": "Verdana", "value": "Verdana, Arial, sans-serif"}
              ],
              "Google Fonts": [
                  {"name": "ABeeZee", "value": "'ABeeZee'", "url":"https://fonts.googleapis.com/css?family=ABeeZee"},
                  {"name": "Abel", "value": "'Abel'", "url":"https://fonts.googleapis.com/css?family=Abel"},
                  {"name": "Abril Fatface", "value": "'Abril Fatface'", "url":"https://fonts.googleapis.com/css?family=Abril+Fatface"},
                  {"name": "Aclonica", "value": "'Aclonica'", "url":"https://fonts.googleapis.com/css?family=Aclonica"},
                  {"name": "Acme", "value": "'Acme'", "url":"https://fonts.googleapis.com/css?family=Acme"},
                  {"name": "Actor", "value": "'Actor'", "url":"https://fonts.googleapis.com/css?family=Actor"},
                  {"name": "Adamina", "value": "'Adamina'", "url":"https://fonts.googleapis.com/css?family=Adamina"},
                  {"name": "Advent Pro", "value": "'Advent Pro'", "url":"https://fonts.googleapis.com/css?family=Advent+Pro"},
                  {"name": "Aguafina Script", "value": "'Aguafina Script'", "url":"https://fonts.googleapis.com/css?family=Aguafina+Script"},
                  {"name": "Akronim", "value": "'Akronim'", "url":"https://fonts.googleapis.com/css?family=Akronim"},
                  {"name": "Aladin", "value": "'Aladin'", "url":"https://fonts.googleapis.com/css?family=Aladin"},
                  {"name": "Aldrich", "value": "'Aldrich'", "url":"https://fonts.googleapis.com/css?family=Aldrich"},
                  {"name": "Alef", "value": "'Alef'", "url":"https://fonts.googleapis.com/css?family=Alef"},
                  {"name": "Alegreya", "value": "'Alegreya'", "url":"https://fonts.googleapis.com/css?family=Alegreya"},
                  {"name": "Alegreya SC", "value": "'Alegreya SC'", "url":"https://fonts.googleapis.com/css?family=Alegreya+SC"},
                  {"name": "Alegreya Sans", "value": "'Alegreya Sans'", "url":"https://fonts.googleapis.com/css?family=Alegreya+Sans"},
                  {"name": "Alegreya Sans SC", "value": "'Alegreya Sans SC'", "url":"https://fonts.googleapis.com/css?family=Alegreya+Sans+SC"},
                  {"name": "Alex Brush", "value": "'Alex Brush'", "url":"https://fonts.googleapis.com/css?family=Alex+Brush"},
                  {"name": "Alfa Slab One", "value": "'Alfa Slab One'", "url":"https://fonts.googleapis.com/css?family=Alfa+Slab+One"},
                  {"name": "Alice", "value": "'Alice'", "url":"https://fonts.googleapis.com/css?family=Alice"},
                  {"name": "Alike", "value": "'Alike'", "url":"https://fonts.googleapis.com/css?family=Alike"},
                  {"name": "Alike Angular", "value": "'Alike Angular'", "url":"https://fonts.googleapis.com/css?family=Alike+Angular"},
                  {"name": "Allan", "value": "'Allan'", "url":"https://fonts.googleapis.com/css?family=Allan"},
                  {"name": "Allerta", "value": "'Allerta'", "url":"https://fonts.googleapis.com/css?family=Allerta"},
                  {"name": "Allerta Stencil", "value": "'Allerta Stencil'", "url":"https://fonts.googleapis.com/css?family=Allerta+Stencil"},
                  {"name": "Allura", "value": "'Allura'", "url":"https://fonts.googleapis.com/css?family=Allura"},
                  {"name": "Almendra", "value": "'Almendra'", "url":"https://fonts.googleapis.com/css?family=Almendra"},
                  {"name": "Almendra Display", "value": "'Almendra Display'", "url":"https://fonts.googleapis.com/css?family=Almendra+Display"},
                  {"name": "Almendra SC", "value": "'Almendra SC'", "url":"https://fonts.googleapis.com/css?family=Almendra+SC"},
                  {"name": "Amarante", "value": "'Amarante'", "url":"https://fonts.googleapis.com/css?family=Amarante"},
                  {"name": "Amaranth", "value": "'Amaranth'", "url":"https://fonts.googleapis.com/css?family=Amaranth"},
                  {"name": "Amatic SC", "value": "'Amatic SC'", "url":"https://fonts.googleapis.com/css?family=Amatic+SC"},
                  {"name": "Amethysta", "value": "'Amethysta'", "url":"https://fonts.googleapis.com/css?family=Amethysta"},
                  {"name": "Anaheim", "value": "'Anaheim'", "url":"https://fonts.googleapis.com/css?family=Anaheim"},
                  {"name": "Andada", "value": "'Andada'", "url":"https://fonts.googleapis.com/css?family=Andada"},
                  {"name": "Andika", "value": "'Andika'", "url":"https://fonts.googleapis.com/css?family=Andika"},
                  {"name": "Angkor", "value": "'Angkor'", "url":"https://fonts.googleapis.com/css?family=Angkor"},
                  {"name": "Annie Use Your Telescope", "value": "'Annie Use Your Telescope'", "url":"https://fonts.googleapis.com/css?family=Annie+Use+Your+Telescope"},
                  {"name": "Anonymous Pro", "value": "'Anonymous Pro'", "url":"https://fonts.googleapis.com/css?family=Anonymous+Pro"},
                  {"name": "Antic", "value": "'Antic'", "url":"https://fonts.googleapis.com/css?family=Antic"},
                  {"name": "Antic Didone", "value": "'Antic Didone'", "url":"https://fonts.googleapis.com/css?family=Antic+Didone"},
                  {"name": "Antic Slab", "value": "'Antic Slab'", "url":"https://fonts.googleapis.com/css?family=Antic+Slab"},
                  {"name": "Anton", "value": "'Anton'", "url":"https://fonts.googleapis.com/css?family=Anton"},
                  {"name": "Arapey", "value": "'Arapey'", "url":"https://fonts.googleapis.com/css?family=Arapey"},
                  {"name": "Arbutus", "value": "'Arbutus'", "url":"https://fonts.googleapis.com/css?family=Arbutus"},
                  {"name": "Arbutus Slab", "value": "'Arbutus Slab'", "url":"https://fonts.googleapis.com/css?family=Arbutus+Slab"},
                  {"name": "Architects Daughter", "value": "'Architects Daughter'", "url":"https://fonts.googleapis.com/css?family=Architects+Daughter"},
                  {"name": "Archivo Black", "value": "'Archivo Black'", "url":"https://fonts.googleapis.com/css?family=Archivo+Black"},
                  {"name": "Archivo Narrow", "value": "'Archivo Narrow'", "url":"https://fonts.googleapis.com/css?family=Archivo+Narrow"},
                  {"name": "Arimo", "value": "'Arimo'", "url":"https://fonts.googleapis.com/css?family=Arimo"},
                  {"name": "Arizonia", "value": "'Arizonia'", "url":"https://fonts.googleapis.com/css?family=Arizonia"},
                  {"name": "Armata", "value": "'Armata'", "url":"https://fonts.googleapis.com/css?family=Armata"},
                  {"name": "Artifika", "value": "'Artifika'", "url":"https://fonts.googleapis.com/css?family=Artifika"},
                  {"name": "Arvo", "value": "'Arvo'", "url":"https://fonts.googleapis.com/css?family=Arvo"},
                  {"name": "Asap", "value": "'Asap'", "url":"https://fonts.googleapis.com/css?family=Asap"},
                  {"name": "Asset", "value": "'Asset'", "url":"https://fonts.googleapis.com/css?family=Asset"},
                  {"name": "Astloch", "value": "'Astloch'", "url":"https://fonts.googleapis.com/css?family=Astloch"},
                  {"name": "Asul", "value": "'Asul'", "url":"https://fonts.googleapis.com/css?family=Asul"},
                  {"name": "Atomic Age", "value": "'Atomic Age'", "url":"https://fonts.googleapis.com/css?family=Atomic+Age"},
                  {"name": "Aubrey", "value": "'Aubrey'", "url":"https://fonts.googleapis.com/css?family=Aubrey"},
                  {"name": "Audiowide", "value": "'Audiowide'", "url":"https://fonts.googleapis.com/css?family=Audiowide"},
                  {"name": "Autour One", "value": "'Autour One'", "url":"https://fonts.googleapis.com/css?family=Autour+One"},
                  {"name": "Average", "value": "'Average'", "url":"https://fonts.googleapis.com/css?family=Average"},
                  {"name": "Average Sans", "value": "'Average Sans'", "url":"https://fonts.googleapis.com/css?family=Average+Sans"},
                  {"name": "Averia Gruesa Libre", "value": "'Averia Gruesa Libre'", "url":"https://fonts.googleapis.com/css?family=Averia+Gruesa+Libre"},
                  {"name": "Averia Libre", "value": "'Averia Libre'", "url":"https://fonts.googleapis.com/css?family=Averia+Libre"},
                  {"name": "Averia Sans Libre", "value": "'Averia Sans Libre'", "url":"https://fonts.googleapis.com/css?family=Averia+Sans+Libre"},
                  {"name": "Averia Serif Libre", "value": "'Averia Serif Libre'", "url":"https://fonts.googleapis.com/css?family=Averia+Serif+Libre"},
                  {"name": "Bad Script", "value": "'Bad Script'", "url":"https://fonts.googleapis.com/css?family=Bad+Script"},
                  {"name": "Balthazar", "value": "'Balthazar'", "url":"https://fonts.googleapis.com/css?family=Balthazar"},
                  {"name": "Bangers", "value": "'Bangers'", "url":"https://fonts.googleapis.com/css?family=Bangers"},
                  {"name": "Basic", "value": "'Basic'", "url":"https://fonts.googleapis.com/css?family=Basic"},
                  {"name": "Battambang", "value": "'Battambang'", "url":"https://fonts.googleapis.com/css?family=Battambang"},
                  {"name": "Baumans", "value": "'Baumans'", "url":"https://fonts.googleapis.com/css?family=Baumans"},
                  {"name": "Bayon", "value": "'Bayon'", "url":"https://fonts.googleapis.com/css?family=Bayon"},
                  {"name": "Belgrano", "value": "'Belgrano'", "url":"https://fonts.googleapis.com/css?family=Belgrano"},
                  {"name": "Belleza", "value": "'Belleza'", "url":"https://fonts.googleapis.com/css?family=Belleza"},
                  {"name": "BenchNine", "value": "'BenchNine'", "url":"https://fonts.googleapis.com/css?family=BenchNine"},
                  {"name": "Bentham", "value": "'Bentham'", "url":"https://fonts.googleapis.com/css?family=Bentham"},
                  {"name": "Berkshire Swash", "value": "'Berkshire Swash'", "url":"https://fonts.googleapis.com/css?family=Berkshire+Swash"},
                  {"name": "Bevan", "value": "'Bevan'", "url":"https://fonts.googleapis.com/css?family=Bevan"},
                  {"name": "Bigelow Rules", "value": "'Bigelow Rules'", "url":"https://fonts.googleapis.com/css?family=Bigelow+Rules"},
                  {"name": "Bigshot One", "value": "'Bigshot One'", "url":"https://fonts.googleapis.com/css?family=Bigshot+One"},
                  {"name": "Bilbo", "value": "'Bilbo'", "url":"https://fonts.googleapis.com/css?family=Bilbo"},
                  {"name": "Bilbo Swash Caps", "value": "'Bilbo Swash Caps'", "url":"https://fonts.googleapis.com/css?family=Bilbo+Swash+Caps"},
                  {"name": "Bitter", "value": "'Bitter'", "url":"https://fonts.googleapis.com/css?family=Bitter"},
                  {"name": "Black Ops One", "value": "'Black Ops One'", "url":"https://fonts.googleapis.com/css?family=Black+Ops+One"},
                  {"name": "Bokor", "value": "'Bokor'", "url":"https://fonts.googleapis.com/css?family=Bokor"},
                  {"name": "Bonbon", "value": "'Bonbon'", "url":"https://fonts.googleapis.com/css?family=Bonbon"},
                  {"name": "Boogaloo", "value": "'Boogaloo'", "url":"https://fonts.googleapis.com/css?family=Boogaloo"},
                  {"name": "Bowlby One", "value": "'Bowlby One'", "url":"https://fonts.googleapis.com/css?family=Bowlby+One"},
                  {"name": "Bowlby One SC", "value": "'Bowlby One SC'", "url":"https://fonts.googleapis.com/css?family=Bowlby+One+SC"},
                  {"name": "Brawler", "value": "'Brawler'", "url":"https://fonts.googleapis.com/css?family=Brawler"},
                  {"name": "Bree Serif", "value": "'Bree Serif'", "url":"https://fonts.googleapis.com/css?family=Bree+Serif"},
                  {"name": "Bubblegum Sans", "value": "'Bubblegum Sans'", "url":"https://fonts.googleapis.com/css?family=Bubblegum+Sans"},
                  {"name": "Bubbler One", "value": "'Bubbler One'", "url":"https://fonts.googleapis.com/css?family=Bubbler+One"},
                  {"name": "Buda", "value": "'Buda'", "url":"https://fonts.googleapis.com/css?family=Buda"},
                  {"name": "Buenard", "value": "'Buenard'", "url":"https://fonts.googleapis.com/css?family=Buenard"},
                  {"name": "Butcherman", "value": "'Butcherman'", "url":"https://fonts.googleapis.com/css?family=Butcherman"},
                  {"name": "Butterfly Kids", "value": "'Butterfly Kids'", "url":"https://fonts.googleapis.com/css?family=Butterfly+Kids"},
                  {"name": "Cabin", "value": "'Cabin'", "url":"https://fonts.googleapis.com/css?family=Cabin"},
                  {"name": "Cabin Condensed", "value": "'Cabin Condensed'", "url":"https://fonts.googleapis.com/css?family=Cabin+Condensed"},
                  {"name": "Cabin Sketch", "value": "'Cabin Sketch'", "url":"https://fonts.googleapis.com/css?family=Cabin+Sketch"},
                  {"name": "Caesar Dressing", "value": "'Caesar Dressing'", "url":"https://fonts.googleapis.com/css?family=Caesar+Dressing"},
                  {"name": "Cagliostro", "value": "'Cagliostro'", "url":"https://fonts.googleapis.com/css?family=Cagliostro"},
                  {"name": "Calligraffitti", "value": "'Calligraffitti'", "url":"https://fonts.googleapis.com/css?family=Calligraffitti"},
                  {"name": "Cambo", "value": "'Cambo'", "url":"https://fonts.googleapis.com/css?family=Cambo"},
                  {"name": "Candal", "value": "'Candal'", "url":"https://fonts.googleapis.com/css?family=Candal"},
                  {"name": "Cantarell", "value": "'Cantarell'", "url":"https://fonts.googleapis.com/css?family=Cantarell"},
                  {"name": "Cantata One", "value": "'Cantata One'", "url":"https://fonts.googleapis.com/css?family=Cantata+One"},
                  {"name": "Cantora One", "value": "'Cantora One'", "url":"https://fonts.googleapis.com/css?family=Cantora+One"},
                  {"name": "Capriola", "value": "'Capriola'", "url":"https://fonts.googleapis.com/css?family=Capriola"},
                  {"name": "Cardo", "value": "'Cardo'", "url":"https://fonts.googleapis.com/css?family=Cardo"},
                  {"name": "Carme", "value": "'Carme'", "url":"https://fonts.googleapis.com/css?family=Carme"},
                  {"name": "Carrois Gothic", "value": "'Carrois Gothic'", "url":"https://fonts.googleapis.com/css?family=Carrois+Gothic"},
                  {"name": "Carrois Gothic SC", "value": "'Carrois Gothic SC'", "url":"https://fonts.googleapis.com/css?family=Carrois+Gothic+SC"},
                  {"name": "Carter One", "value": "'Carter One'", "url":"https://fonts.googleapis.com/css?family=Carter+One"},
                  {"name": "Caudex", "value": "'Caudex'", "url":"https://fonts.googleapis.com/css?family=Caudex"},
                  {"name": "Cedarville Cursive", "value": "'Cedarville Cursive'", "url":"https://fonts.googleapis.com/css?family=Cedarville+Cursive"},
                  {"name": "Ceviche One", "value": "'Ceviche One'", "url":"https://fonts.googleapis.com/css?family=Ceviche+One"},
                  {"name": "Changa One", "value": "'Changa One'", "url":"https://fonts.googleapis.com/css?family=Changa+One"},
                  {"name": "Chango", "value": "'Chango'", "url":"https://fonts.googleapis.com/css?family=Chango"},
                  {"name": "Chau Philomene One", "value": "'Chau Philomene One'", "url":"https://fonts.googleapis.com/css?family=Chau+Philomene+One"},
                  {"name": "Chela One", "value": "'Chela One'", "url":"https://fonts.googleapis.com/css?family=Chela+One"},
                  {"name": "Chelsea Market", "value": "'Chelsea Market'", "url":"https://fonts.googleapis.com/css?family=Chelsea+Market"},
                  {"name": "Chenla", "value": "'Chenla'", "url":"https://fonts.googleapis.com/css?family=Chenla"},
                  {"name": "Cherry Cream Soda", "value": "'Cherry Cream Soda'", "url":"https://fonts.googleapis.com/css?family=Cherry+Cream+Soda"},
                  {"name": "Cherry Swash", "value": "'Cherry Swash'", "url":"https://fonts.googleapis.com/css?family=Cherry+Swash"},
                  {"name": "Chewy", "value": "'Chewy'", "url":"https://fonts.googleapis.com/css?family=Chewy"},
                  {"name": "Chicle", "value": "'Chicle'", "url":"https://fonts.googleapis.com/css?family=Chicle"},
                  {"name": "Chivo", "value": "'Chivo'", "url":"https://fonts.googleapis.com/css?family=Chivo"},
                  {"name": "Cinzel", "value": "'Cinzel'", "url":"https://fonts.googleapis.com/css?family=Cinzel"},
                  {"name": "Cinzel Decorative", "value": "'Cinzel Decorative'", "url":"https://fonts.googleapis.com/css?family=Cinzel+Decorative"},
                  {"name": "Clicker Script", "value": "'Clicker Script'", "url":"https://fonts.googleapis.com/css?family=Clicker+Script"},
                  {"name": "Coda", "value": "'Coda'", "url":"https://fonts.googleapis.com/css?family=Coda"},
                  {"name": "Coda Caption", "value": "'Coda Caption'", "url":"https://fonts.googleapis.com/css?family=Coda+Caption"},
                  {"name": "Codystar", "value": "'Codystar'", "url":"https://fonts.googleapis.com/css?family=Codystar"},
                  {"name": "Combo", "value": "'Combo'", "url":"https://fonts.googleapis.com/css?family=Combo"},
                  {"name": "Comfortaa", "value": "'Comfortaa'", "url":"https://fonts.googleapis.com/css?family=Comfortaa"},
                  {"name": "Coming Soon", "value": "'Coming Soon'", "url":"https://fonts.googleapis.com/css?family=Coming+Soon"},
                  {"name": "Concert One", "value": "'Concert One'", "url":"https://fonts.googleapis.com/css?family=Concert+One"},
                  {"name": "Condiment", "value": "'Condiment'", "url":"https://fonts.googleapis.com/css?family=Condiment"},
                  {"name": "Content", "value": "'Content'", "url":"https://fonts.googleapis.com/css?family=Content"},
                  {"name": "Contrail One", "value": "'Contrail One'", "url":"https://fonts.googleapis.com/css?family=Contrail+One"},
                  {"name": "Convergence", "value": "'Convergence'", "url":"https://fonts.googleapis.com/css?family=Convergence"},
                  {"name": "Cookie", "value": "'Cookie'", "url":"https://fonts.googleapis.com/css?family=Cookie"},
                  {"name": "Copse", "value": "'Copse'", "url":"https://fonts.googleapis.com/css?family=Copse"},
                  {"name": "Corben", "value": "'Corben'", "url":"https://fonts.googleapis.com/css?family=Corben"},
                  {"name": "Courgette", "value": "'Courgette'", "url":"https://fonts.googleapis.com/css?family=Courgette"},
                  {"name": "Cousine", "value": "'Cousine'", "url":"https://fonts.googleapis.com/css?family=Cousine"},
                  {"name": "Coustard", "value": "'Coustard'", "url":"https://fonts.googleapis.com/css?family=Coustard"},
                  {"name": "Covered By Your Grace", "value": "'Covered By Your Grace'", "url":"https://fonts.googleapis.com/css?family=Covered+By+Your+Grace"},
                  {"name": "Crafty Girls", "value": "'Crafty Girls'", "url":"https://fonts.googleapis.com/css?family=Crafty+Girls"},
                  {"name": "Creepster", "value": "'Creepster'", "url":"https://fonts.googleapis.com/css?family=Creepster"},
                  {"name": "Crete Round", "value": "'Crete Round'", "url":"https://fonts.googleapis.com/css?family=Crete+Round"},
                  {"name": "Crimson Text", "value": "'Crimson Text'", "url":"https://fonts.googleapis.com/css?family=Crimson+Text"},
                  {"name": "Croissant One", "value": "'Croissant One'", "url":"https://fonts.googleapis.com/css?family=Croissant+One"},
                  {"name": "Crushed", "value": "'Crushed'", "url":"https://fonts.googleapis.com/css?family=Crushed"},
                  {"name": "Cuprum", "value": "'Cuprum'", "url":"https://fonts.googleapis.com/css?family=Cuprum"},
                  {"name": "Cutive", "value": "'Cutive'", "url":"https://fonts.googleapis.com/css?family=Cutive"},
                  {"name": "Cutive Mono", "value": "'Cutive Mono'", "url":"https://fonts.googleapis.com/css?family=Cutive+Mono"},
                  {"name": "Damion", "value": "'Damion'", "url":"https://fonts.googleapis.com/css?family=Damion"},
                  {"name": "Dancing Script", "value": "'Dancing Script'", "url":"https://fonts.googleapis.com/css?family=Dancing+Script"},
                  {"name": "Dangrek", "value": "'Dangrek'", "url":"https://fonts.googleapis.com/css?family=Dangrek"},
                  {"name": "Dawning of a New Day", "value": "'Dawning of a New Day'", "url":"https://fonts.googleapis.com/css?family=Dawning+of+a+New+Day"},
                  {"name": "Days One", "value": "'Days One'", "url":"https://fonts.googleapis.com/css?family=Days+One"},
                  {"name": "Delius", "value": "'Delius'", "url":"https://fonts.googleapis.com/css?family=Delius"},
                  {"name": "Delius Swash Caps", "value": "'Delius Swash Caps'", "url":"https://fonts.googleapis.com/css?family=Delius+Swash+Caps"},
                  {"name": "Delius Unicase", "value": "'Delius Unicase'", "url":"https://fonts.googleapis.com/css?family=Delius+Unicase"},
                  {"name": "Della Respira", "value": "'Della Respira'", "url":"https://fonts.googleapis.com/css?family=Della+Respira"},
                  {"name": "Denk One", "value": "'Denk One'", "url":"https://fonts.googleapis.com/css?family=Denk+One"},
                  {"name": "Devonshire", "value": "'Devonshire'", "url":"https://fonts.googleapis.com/css?family=Devonshire"},
                  {"name": "Didact Gothic", "value": "'Didact Gothic'", "url":"https://fonts.googleapis.com/css?family=Didact+Gothic"},
                  {"name": "Diplomata", "value": "'Diplomata'", "url":"https://fonts.googleapis.com/css?family=Diplomata"},
                  {"name": "Diplomata SC", "value": "'Diplomata SC'", "url":"https://fonts.googleapis.com/css?family=Diplomata+SC"},
                  {"name": "Domine", "value": "'Domine'", "url":"https://fonts.googleapis.com/css?family=Domine"},
                  {"name": "Donegal One", "value": "'Donegal One'", "url":"https://fonts.googleapis.com/css?family=Donegal+One"},
                  {"name": "Doppio One", "value": "'Doppio One'", "url":"https://fonts.googleapis.com/css?family=Doppio+One"},
                  {"name": "Dorsa", "value": "'Dorsa'", "url":"https://fonts.googleapis.com/css?family=Dorsa"},
                  {"name": "Dosis", "value": "'Dosis'", "url":"https://fonts.googleapis.com/css?family=Dosis"},
                  {"name": "Dr Sugiyama", "value": "'Dr Sugiyama'", "url":"https://fonts.googleapis.com/css?family=Dr+Sugiyama"},
                  {"name": "Droid Sans", "value": "'Droid Sans'", "url":"https://fonts.googleapis.com/css?family=Droid+Sans"},
                  {"name": "Droid Sans Mono", "value": "'Droid Sans Mono'", "url":"https://fonts.googleapis.com/css?family=Droid+Sans+Mono"},
                  {"name": "Droid Serif", "value": "'Droid Serif'", "url":"https://fonts.googleapis.com/css?family=Droid+Serif"},
                  {"name": "Duru Sans", "value": "'Duru Sans'", "url":"https://fonts.googleapis.com/css?family=Duru+Sans"},
                  {"name": "Dynalight", "value": "'Dynalight'", "url":"https://fonts.googleapis.com/css?family=Dynalight"},
                  {"name": "EB Garamond", "value": "'EB Garamond'", "url":"https://fonts.googleapis.com/css?family=EB+Garamond"},
                  {"name": "Eagle Lake", "value": "'Eagle Lake'", "url":"https://fonts.googleapis.com/css?family=Eagle+Lake"},
                  {"name": "Eater", "value": "'Eater'", "url":"https://fonts.googleapis.com/css?family=Eater"},
                  {"name": "Economica", "value": "'Economica'", "url":"https://fonts.googleapis.com/css?family=Economica"},
                  {"name": "Electrolize", "value": "'Electrolize'", "url":"https://fonts.googleapis.com/css?family=Electrolize"},
                  {"name": "Elsie", "value": "'Elsie'", "url":"https://fonts.googleapis.com/css?family=Elsie"},
                  {"name": "Elsie Swash Caps", "value": "'Elsie Swash Caps'", "url":"https://fonts.googleapis.com/css?family=Elsie+Swash+Caps"},
                  {"name": "Emblema One", "value": "'Emblema One'", "url":"https://fonts.googleapis.com/css?family=Emblema+One"},
                  {"name": "Emilys Candy", "value": "'Emilys Candy'", "url":"https://fonts.googleapis.com/css?family=Emilys+Candy"},
                  {"name": "Engagement", "value": "'Engagement'", "url":"https://fonts.googleapis.com/css?family=Engagement"},
                  {"name": "Englebert", "value": "'Englebert'", "url":"https://fonts.googleapis.com/css?family=Englebert"},
                  {"name": "Enriqueta", "value": "'Enriqueta'", "url":"https://fonts.googleapis.com/css?family=Enriqueta"},
                  {"name": "Erica One", "value": "'Erica One'", "url":"https://fonts.googleapis.com/css?family=Erica+One"},
                  {"name": "Esteban", "value": "'Esteban'", "url":"https://fonts.googleapis.com/css?family=Esteban"},
                  {"name": "Euphoria Script", "value": "'Euphoria Script'", "url":"https://fonts.googleapis.com/css?family=Euphoria+Script"},
                  {"name": "Ewert", "value": "'Ewert'", "url":"https://fonts.googleapis.com/css?family=Ewert"},
                  {"name": "Exo", "value": "'Exo'", "url":"https://fonts.googleapis.com/css?family=Exo"},
                  {"name": "Exo 2", "value": "'Exo 2'", "url":"https://fonts.googleapis.com/css?family=Exo+2"},
                  {"name": "Expletus Sans", "value": "'Expletus Sans'", "url":"https://fonts.googleapis.com/css?family=Expletus+Sans"},
                  {"name": "Fanwood Text", "value": "'Fanwood Text'", "url":"https://fonts.googleapis.com/css?family=Fanwood+Text"},
                  {"name": "Fascinate", "value": "'Fascinate'", "url":"https://fonts.googleapis.com/css?family=Fascinate"},
                  {"name": "Fascinate Inline", "value": "'Fascinate Inline'", "url":"https://fonts.googleapis.com/css?family=Fascinate+Inline"},
                  {"name": "Faster One", "value": "'Faster One'", "url":"https://fonts.googleapis.com/css?family=Faster+One"},
                  {"name": "Fasthand", "value": "'Fasthand'", "url":"https://fonts.googleapis.com/css?family=Fasthand"},
                  {"name": "Fauna One", "value": "'Fauna One'", "url":"https://fonts.googleapis.com/css?family=Fauna+One"},
                  {"name": "Federant", "value": "'Federant'", "url":"https://fonts.googleapis.com/css?family=Federant"},
                  {"name": "Federo", "value": "'Federo'", "url":"https://fonts.googleapis.com/css?family=Federo"},
                  {"name": "Felipa", "value": "'Felipa'", "url":"https://fonts.googleapis.com/css?family=Felipa"},
                  {"name": "Fenix", "value": "'Fenix'", "url":"https://fonts.googleapis.com/css?family=Fenix"},
                  {"name": "Finger Paint", "value": "'Finger Paint'", "url":"https://fonts.googleapis.com/css?family=Finger+Paint"},
                  {"name": "Fjalla One", "value": "'Fjalla One'", "url":"https://fonts.googleapis.com/css?family=Fjalla+One"},
                  {"name": "Fjord One", "value": "'Fjord One'", "url":"https://fonts.googleapis.com/css?family=Fjord+One"},
                  {"name": "Flamenco", "value": "'Flamenco'", "url":"https://fonts.googleapis.com/css?family=Flamenco"},
                  {"name": "Flavors", "value": "'Flavors'", "url":"https://fonts.googleapis.com/css?family=Flavors"},
                  {"name": "Fondamento", "value": "'Fondamento'", "url":"https://fonts.googleapis.com/css?family=Fondamento"},
                  {"name": "Fontdiner Swanky", "value": "'Fontdiner Swanky'", "url":"https://fonts.googleapis.com/css?family=Fontdiner+Swanky"},
                  {"name": "Forum", "value": "'Forum'", "url":"https://fonts.googleapis.com/css?family=Forum"},
                  {"name": "Francois One", "value": "'Francois One'", "url":"https://fonts.googleapis.com/css?family=Francois+One"},
                  {"name": "Freckle Face", "value": "'Freckle Face'", "url":"https://fonts.googleapis.com/css?family=Freckle+Face"},
                  {"name": "Fredericka the Great", "value": "'Fredericka the Great'", "url":"https://fonts.googleapis.com/css?family=Fredericka+the+Great"},
                  {"name": "Fredoka One", "value": "'Fredoka One'", "url":"https://fonts.googleapis.com/css?family=Fredoka+One"},
                  {"name": "Freehand", "value": "'Freehand'", "url":"https://fonts.googleapis.com/css?family=Freehand"},
                  {"name": "Fresca", "value": "'Fresca'", "url":"https://fonts.googleapis.com/css?family=Fresca"},
                  {"name": "Frijole", "value": "'Frijole'", "url":"https://fonts.googleapis.com/css?family=Frijole"},
                  {"name": "Fruktur", "value": "'Fruktur'", "url":"https://fonts.googleapis.com/css?family=Fruktur"},
                  {"name": "Fugaz One", "value": "'Fugaz One'", "url":"https://fonts.googleapis.com/css?family=Fugaz+One"},
                  {"name": "GFS Didot", "value": "'GFS Didot'", "url":"https://fonts.googleapis.com/css?family=GFS+Didot"},
                  {"name": "GFS Neohellenic", "value": "'GFS Neohellenic'", "url":"https://fonts.googleapis.com/css?family=GFS+Neohellenic"},
                  {"name": "Gabriela", "value": "'Gabriela'", "url":"https://fonts.googleapis.com/css?family=Gabriela"},
                  {"name": "Gafata", "value": "'Gafata'", "url":"https://fonts.googleapis.com/css?family=Gafata"},
                  {"name": "Galdeano", "value": "'Galdeano'", "url":"https://fonts.googleapis.com/css?family=Galdeano"},
                  {"name": "Galindo", "value": "'Galindo'", "url":"https://fonts.googleapis.com/css?family=Galindo"},
                  {"name": "Gentium Basic", "value": "'Gentium Basic'", "url":"https://fonts.googleapis.com/css?family=Gentium+Basic"},
                  {"name": "Gentium Book Basic", "value": "'Gentium Book Basic'", "url":"https://fonts.googleapis.com/css?family=Gentium+Book+Basic"},
                  {"name": "Geo", "value": "'Geo'", "url":"https://fonts.googleapis.com/css?family=Geo"},
                  {"name": "Geostar", "value": "'Geostar'", "url":"https://fonts.googleapis.com/css?family=Geostar"},
                  {"name": "Geostar Fill", "value": "'Geostar Fill'", "url":"https://fonts.googleapis.com/css?family=Geostar+Fill"},
                  {"name": "Germania One", "value": "'Germania One'", "url":"https://fonts.googleapis.com/css?family=Germania+One"},
                  {"name": "Gilda Display", "value": "'Gilda Display'", "url":"https://fonts.googleapis.com/css?family=Gilda+Display"},
                  {"name": "Give You Glory", "value": "'Give You Glory'", "url":"https://fonts.googleapis.com/css?family=Give+You+Glory"},
                  {"name": "Glass Antiqua", "value": "'Glass Antiqua'", "url":"https://fonts.googleapis.com/css?family=Glass+Antiqua"},
                  {"name": "Glegoo", "value": "'Glegoo'", "url":"https://fonts.googleapis.com/css?family=Glegoo"},
                  {"name": "Gloria Hallelujah", "value": "'Gloria Hallelujah'", "url":"https://fonts.googleapis.com/css?family=Gloria+Hallelujah"},
                  {"name": "Goblin One", "value": "'Goblin One'", "url":"https://fonts.googleapis.com/css?family=Goblin+One"},
                  {"name": "Gochi Hand", "value": "'Gochi Hand'", "url":"https://fonts.googleapis.com/css?family=Gochi+Hand"},
                  {"name": "Gorditas", "value": "'Gorditas'", "url":"https://fonts.googleapis.com/css?family=Gorditas"},
                  {"name": "Goudy Bookletter 1911", "value": "'Goudy Bookletter 1911'", "url":"https://fonts.googleapis.com/css?family=Goudy+Bookletter+1911"},
                  {"name": "Graduate", "value": "'Graduate'", "url":"https://fonts.googleapis.com/css?family=Graduate"},
                  {"name": "Grand Hotel", "value": "'Grand Hotel'", "url":"https://fonts.googleapis.com/css?family=Grand+Hotel"},
                  {"name": "Gravitas One", "value": "'Gravitas One'", "url":"https://fonts.googleapis.com/css?family=Gravitas+One"},
                  {"name": "Great Vibes", "value": "'Great Vibes'", "url":"https://fonts.googleapis.com/css?family=Great+Vibes"},
                  {"name": "Griffy", "value": "'Griffy'", "url":"https://fonts.googleapis.com/css?family=Griffy"},
                  {"name": "Gruppo", "value": "'Gruppo'", "url":"https://fonts.googleapis.com/css?family=Gruppo"},
                  {"name": "Gudea", "value": "'Gudea'", "url":"https://fonts.googleapis.com/css?family=Gudea"},
                  {"name": "Habibi", "value": "'Habibi'", "url":"https://fonts.googleapis.com/css?family=Habibi"},
                  {"name": "Hammersmith One", "value": "'Hammersmith One'", "url":"https://fonts.googleapis.com/css?family=Hammersmith+One"},
                  {"name": "Hanalei", "value": "'Hanalei'", "url":"https://fonts.googleapis.com/css?family=Hanalei"},
                  {"name": "Hanalei Fill", "value": "'Hanalei Fill'", "url":"https://fonts.googleapis.com/css?family=Hanalei+Fill"},
                  {"name": "Handlee", "value": "'Handlee'", "url":"https://fonts.googleapis.com/css?family=Handlee"},
                  {"name": "Hanuman", "value": "'Hanuman'", "url":"https://fonts.googleapis.com/css?family=Hanuman"},
                  {"name": "Happy Monkey", "value": "'Happy Monkey'", "url":"https://fonts.googleapis.com/css?family=Happy+Monkey"},
                  {"name": "Headland One", "value": "'Headland One'", "url":"https://fonts.googleapis.com/css?family=Headland+One"},
                  {"name": "Henny Penny", "value": "'Henny Penny'", "url":"https://fonts.googleapis.com/css?family=Henny+Penny"},
                  {"name": "Herr Von Muellerhoff", "value": "'Herr Von Muellerhoff'", "url":"https://fonts.googleapis.com/css?family=Herr+Von+Muellerhoff"},
                  {"name": "Holtwood One SC", "value": "'Holtwood One SC'", "url":"https://fonts.googleapis.com/css?family=Holtwood+One+SC"},
                  {"name": "Homemade Apple", "value": "'Homemade Apple'", "url":"https://fonts.googleapis.com/css?family=Homemade+Apple"},
                  {"name": "Homenaje", "value": "'Homenaje'", "url":"https://fonts.googleapis.com/css?family=Homenaje"},
                  {"name": "IM Fell DW Pica", "value": "'IM Fell DW Pica'", "url":"https://fonts.googleapis.com/css?family=IM+Fell+DW+Pica"},
                  {"name": "IM Fell DW Pica SC", "value": "'IM Fell DW Pica SC'", "url":"https://fonts.googleapis.com/css?family=IM+Fell+DW+Pica+SC"},
                  {"name": "IM Fell Double Pica", "value": "'IM Fell Double Pica'", "url":"https://fonts.googleapis.com/css?family=IM+Fell+Double+Pica"},
                  {"name": "IM Fell Double Pica SC", "value": "'IM Fell Double Pica SC'", "url":"https://fonts.googleapis.com/css?family=IM+Fell+Double+Pica+SC"},
                  {"name": "IM Fell English", "value": "'IM Fell English'", "url":"https://fonts.googleapis.com/css?family=IM+Fell+English"},
                  {"name": "IM Fell English SC", "value": "'IM Fell English SC'", "url":"https://fonts.googleapis.com/css?family=IM+Fell+English+SC"},
                  {"name": "IM Fell French Canon", "value": "'IM Fell French Canon'", "url":"https://fonts.googleapis.com/css?family=IM+Fell+French+Canon"},
                  {"name": "IM Fell French Canon SC", "value": "'IM Fell French Canon SC'", "url":"https://fonts.googleapis.com/css?family=IM+Fell+French+Canon+SC"},
                  {"name": "IM Fell Great Primer", "value": "'IM Fell Great Primer'", "url":"https://fonts.googleapis.com/css?family=IM+Fell+Great+Primer"},
                  {"name": "IM Fell Great Primer SC", "value": "'IM Fell Great Primer SC'", "url":"https://fonts.googleapis.com/css?family=IM+Fell+Great+Primer+SC"},
                  {"name": "Iceberg", "value": "'Iceberg'", "url":"https://fonts.googleapis.com/css?family=Iceberg"},
                  {"name": "Iceland", "value": "'Iceland'", "url":"https://fonts.googleapis.com/css?family=Iceland"},
                  {"name": "Imprima", "value": "'Imprima'", "url":"https://fonts.googleapis.com/css?family=Imprima"},
                  {"name": "Inconsolata", "value": "'Inconsolata'", "url":"https://fonts.googleapis.com/css?family=Inconsolata"},
                  {"name": "Inder", "value": "'Inder'", "url":"https://fonts.googleapis.com/css?family=Inder"},
                  {"name": "Indie Flower", "value": "'Indie Flower'", "url":"https://fonts.googleapis.com/css?family=Indie+Flower"},
                  {"name": "Inika", "value": "'Inika'", "url":"https://fonts.googleapis.com/css?family=Inika"},
                  {"name": "Irish Grover", "value": "'Irish Grover'", "url":"https://fonts.googleapis.com/css?family=Irish+Grover"},
                  {"name": "Istok Web", "value": "'Istok Web'", "url":"https://fonts.googleapis.com/css?family=Istok+Web"},
                  {"name": "Italiana", "value": "'Italiana'", "url":"https://fonts.googleapis.com/css?family=Italiana"},
                  {"name": "Italianno", "value": "'Italianno'", "url":"https://fonts.googleapis.com/css?family=Italianno"},
                  {"name": "Jacques Francois", "value": "'Jacques Francois'", "url":"https://fonts.googleapis.com/css?family=Jacques+Francois"},
                  {"name": "Jacques Francois Shadow", "value": "'Jacques Francois Shadow'", "url":"https://fonts.googleapis.com/css?family=Jacques+Francois+Shadow"},
                  {"name": "Jim Nightshade", "value": "'Jim Nightshade'", "url":"https://fonts.googleapis.com/css?family=Jim+Nightshade"},
                  {"name": "Jockey One", "value": "'Jockey One'", "url":"https://fonts.googleapis.com/css?family=Jockey+One"},
                  {"name": "Jolly Lodger", "value": "'Jolly Lodger'", "url":"https://fonts.googleapis.com/css?family=Jolly+Lodger"},
                  {"name": "Josefin Sans", "value": "'Josefin Sans'", "url":"https://fonts.googleapis.com/css?family=Josefin+Sans"},
                  {"name": "Josefin Slab", "value": "'Josefin Slab'", "url":"https://fonts.googleapis.com/css?family=Josefin+Slab"},
                  {"name": "Joti One", "value": "'Joti One'", "url":"https://fonts.googleapis.com/css?family=Joti+One"},
                  {"name": "Judson", "value": "'Judson'", "url":"https://fonts.googleapis.com/css?family=Judson"},
                  {"name": "Julee", "value": "'Julee'", "url":"https://fonts.googleapis.com/css?family=Julee"},
                  {"name": "Julius Sans One", "value": "'Julius Sans One'", "url":"https://fonts.googleapis.com/css?family=Julius+Sans+One"},
                  {"name": "Junge", "value": "'Junge'", "url":"https://fonts.googleapis.com/css?family=Junge"},
                  {"name": "Jura", "value": "'Jura'", "url":"https://fonts.googleapis.com/css?family=Jura"},
                  {"name": "Just Another Hand", "value": "'Just Another Hand'", "url":"https://fonts.googleapis.com/css?family=Just+Another+Hand"},
                  {"name": "Just Me Again Down Here", "value": "'Just Me Again Down Here'", "url":"https://fonts.googleapis.com/css?family=Just+Me+Again+Down+Here"},
                  {"name": "Kameron", "value": "'Kameron'", "url":"https://fonts.googleapis.com/css?family=Kameron"},
                  {"name": "Kantumruy", "value": "'Kantumruy'", "url":"https://fonts.googleapis.com/css?family=Kantumruy"},
                  {"name": "Karla", "value": "'Karla'", "url":"https://fonts.googleapis.com/css?family=Karla"},
                  {"name": "Kaushan Script", "value": "'Kaushan Script'", "url":"https://fonts.googleapis.com/css?family=Kaushan+Script"},
                  {"name": "Kavoon", "value": "'Kavoon'", "url":"https://fonts.googleapis.com/css?family=Kavoon"},
                  {"name": "Kdam Thmor", "value": "'Kdam Thmor'", "url":"https://fonts.googleapis.com/css?family=Kdam+Thmor"},
                  {"name": "Keania One", "value": "'Keania One'", "url":"https://fonts.googleapis.com/css?family=Keania+One"},
                  {"name": "Kelly Slab", "value": "'Kelly Slab'", "url":"https://fonts.googleapis.com/css?family=Kelly+Slab"},
                  {"name": "Kenia", "value": "'Kenia'", "url":"https://fonts.googleapis.com/css?family=Kenia"},
                  {"name": "Khmer", "value": "'Khmer'", "url":"https://fonts.googleapis.com/css?family=Khmer"},
                  {"name": "Kite One", "value": "'Kite One'", "url":"https://fonts.googleapis.com/css?family=Kite+One"},
                  {"name": "Knewave", "value": "'Knewave'", "url":"https://fonts.googleapis.com/css?family=Knewave"},
                  {"name": "Kotta One", "value": "'Kotta One'", "url":"https://fonts.googleapis.com/css?family=Kotta+One"},
                  {"name": "Koulen", "value": "'Koulen'", "url":"https://fonts.googleapis.com/css?family=Koulen"},
                  {"name": "Kranky", "value": "'Kranky'", "url":"https://fonts.googleapis.com/css?family=Kranky"},
                  {"name": "Kreon", "value": "'Kreon'", "url":"https://fonts.googleapis.com/css?family=Kreon"},
                  {"name": "Kristi", "value": "'Kristi'", "url":"https://fonts.googleapis.com/css?family=Kristi"},
                  {"name": "Krona One", "value": "'Krona One'", "url":"https://fonts.googleapis.com/css?family=Krona+One"},
                  {"name": "La Belle Aurore", "value": "'La Belle Aurore'", "url":"https://fonts.googleapis.com/css?family=La+Belle+Aurore"},
                  {"name": "Lancelot", "value": "'Lancelot'", "url":"https://fonts.googleapis.com/css?family=Lancelot"},
                  {"name": "Lato", "value": "'Lato'", "url":"https://fonts.googleapis.com/css?family=Lato"},
                  {"name": "League Script", "value": "'League Script'", "url":"https://fonts.googleapis.com/css?family=League+Script"},
                  {"name": "Leckerli One", "value": "'Leckerli One'", "url":"https://fonts.googleapis.com/css?family=Leckerli+One"},
                  {"name": "Ledger", "value": "'Ledger'", "url":"https://fonts.googleapis.com/css?family=Ledger"},
                  {"name": "Lekton", "value": "'Lekton'", "url":"https://fonts.googleapis.com/css?family=Lekton"},
                  {"name": "Lemon", "value": "'Lemon'", "url":"https://fonts.googleapis.com/css?family=Lemon"},
                  {"name": "Libre Baskerville", "value": "'Libre Baskerville'", "url":"https://fonts.googleapis.com/css?family=Libre+Baskerville"},
                  {"name": "Life Savers", "value": "'Life Savers'", "url":"https://fonts.googleapis.com/css?family=Life+Savers"},
                  {"name": "Lilita One", "value": "'Lilita One'", "url":"https://fonts.googleapis.com/css?family=Lilita+One"},
                  {"name": "Lily Script One", "value": "'Lily Script One'", "url":"https://fonts.googleapis.com/css?family=Lily+Script+One"},
                  {"name": "Limelight", "value": "'Limelight'", "url":"https://fonts.googleapis.com/css?family=Limelight"},
                  {"name": "Linden Hill", "value": "'Linden Hill'", "url":"https://fonts.googleapis.com/css?family=Linden+Hill"},
                  {"name": "Lobster", "value": "'Lobster'", "url":"https://fonts.googleapis.com/css?family=Lobster"},
                  {"name": "Lobster Two", "value": "'Lobster Two'", "url":"https://fonts.googleapis.com/css?family=Lobster+Two"},
                  {"name": "Londrina Outline", "value": "'Londrina Outline'", "url":"https://fonts.googleapis.com/css?family=Londrina+Outline"},
                  {"name": "Londrina Shadow", "value": "'Londrina Shadow'", "url":"https://fonts.googleapis.com/css?family=Londrina+Shadow"},
                  {"name": "Londrina Sketch", "value": "'Londrina Sketch'", "url":"https://fonts.googleapis.com/css?family=Londrina+Sketch"},
                  {"name": "Londrina Solid", "value": "'Londrina Solid'", "url":"https://fonts.googleapis.com/css?family=Londrina+Solid"},
                  {"name": "Lora", "value": "'Lora'", "url":"https://fonts.googleapis.com/css?family=Lora"},
                  {"name": "Love Ya Like A Sister", "value": "'Love Ya Like A Sister'", "url":"https://fonts.googleapis.com/css?family=Love+Ya+Like+A+Sister"},
                  {"name": "Loved by the King", "value": "'Loved by the King'", "url":"https://fonts.googleapis.com/css?family=Loved+by+the+King"},
                  {"name": "Lovers Quarrel", "value": "'Lovers Quarrel'", "url":"https://fonts.googleapis.com/css?family=Lovers+Quarrel"},
                  {"name": "Luckiest Guy", "value": "'Luckiest Guy'", "url":"https://fonts.googleapis.com/css?family=Luckiest+Guy"},
                  {"name": "Lusitana", "value": "'Lusitana'", "url":"https://fonts.googleapis.com/css?family=Lusitana"},
                  {"name": "Lustria", "value": "'Lustria'", "url":"https://fonts.googleapis.com/css?family=Lustria"},
                  {"name": "Macondo", "value": "'Macondo'", "url":"https://fonts.googleapis.com/css?family=Macondo"},
                  {"name": "Macondo Swash Caps", "value": "'Macondo Swash Caps'", "url":"https://fonts.googleapis.com/css?family=Macondo+Swash+Caps"},
                  {"name": "Magra", "value": "'Magra'", "url":"https://fonts.googleapis.com/css?family=Magra"},
                  {"name": "Maiden Orange", "value": "'Maiden Orange'", "url":"https://fonts.googleapis.com/css?family=Maiden+Orange"},
                  {"name": "Mako", "value": "'Mako'", "url":"https://fonts.googleapis.com/css?family=Mako"},
                  {"name": "Marcellus", "value": "'Marcellus'", "url":"https://fonts.googleapis.com/css?family=Marcellus"},
                  {"name": "Marcellus SC", "value": "'Marcellus SC'", "url":"https://fonts.googleapis.com/css?family=Marcellus+SC"},
                  {"name": "Marck Script", "value": "'Marck Script'", "url":"https://fonts.googleapis.com/css?family=Marck+Script"},
                  {"name": "Margarine", "value": "'Margarine'", "url":"https://fonts.googleapis.com/css?family=Margarine"},
                  {"name": "Marko One", "value": "'Marko One'", "url":"https://fonts.googleapis.com/css?family=Marko+One"},
                  {"name": "Marmelad", "value": "'Marmelad'", "url":"https://fonts.googleapis.com/css?family=Marmelad"},
                  {"name": "Marvel", "value": "'Marvel'", "url":"https://fonts.googleapis.com/css?family=Marvel"},
                  {"name": "Mate", "value": "'Mate'", "url":"https://fonts.googleapis.com/css?family=Mate"},
                  {"name": "Mate SC", "value": "'Mate SC'", "url":"https://fonts.googleapis.com/css?family=Mate+SC"},
                  {"name": "Maven Pro", "value": "'Maven Pro'", "url":"https://fonts.googleapis.com/css?family=Maven+Pro"},
                  {"name": "McLaren", "value": "'McLaren'", "url":"https://fonts.googleapis.com/css?family=McLaren"},
                  {"name": "Meddon", "value": "'Meddon'", "url":"https://fonts.googleapis.com/css?family=Meddon"},
                  {"name": "MedievalSharp", "value": "'MedievalSharp'", "url":"https://fonts.googleapis.com/css?family=MedievalSharp"},
                  {"name": "Medula One", "value": "'Medula One'", "url":"https://fonts.googleapis.com/css?family=Medula+One"},
                  {"name": "Megrim", "value": "'Megrim'", "url":"https://fonts.googleapis.com/css?family=Megrim"},
                  {"name": "Meie Script", "value": "'Meie Script'", "url":"https://fonts.googleapis.com/css?family=Meie+Script"},
                  {"name": "Merienda", "value": "'Merienda'", "url":"https://fonts.googleapis.com/css?family=Merienda"},
                  {"name": "Merienda One", "value": "'Merienda One'", "url":"https://fonts.googleapis.com/css?family=Merienda+One"},
                  {"name": "Merriweather", "value": "'Merriweather'", "url":"https://fonts.googleapis.com/css?family=Merriweather"},
                  {"name": "Merriweather Sans", "value": "'Merriweather Sans'", "url":"https://fonts.googleapis.com/css?family=Merriweather+Sans"},
                  {"name": "Metal", "value": "'Metal'", "url":"https://fonts.googleapis.com/css?family=Metal"},
                  {"name": "Metal Mania", "value": "'Metal Mania'", "url":"https://fonts.googleapis.com/css?family=Metal+Mania"},
                  {"name": "Metamorphous", "value": "'Metamorphous'", "url":"https://fonts.googleapis.com/css?family=Metamorphous"},
                  {"name": "Metrophobic", "value": "'Metrophobic'", "url":"https://fonts.googleapis.com/css?family=Metrophobic"},
                  {"name": "Michroma", "value": "'Michroma'", "url":"https://fonts.googleapis.com/css?family=Michroma"},
                  {"name": "Milonga", "value": "'Milonga'", "url":"https://fonts.googleapis.com/css?family=Milonga"},
                  {"name": "Miltonian", "value": "'Miltonian'", "url":"https://fonts.googleapis.com/css?family=Miltonian"},
                  {"name": "Miltonian Tattoo", "value": "'Miltonian Tattoo'", "url":"https://fonts.googleapis.com/css?family=Miltonian+Tattoo"},
                  {"name": "Miniver", "value": "'Miniver'", "url":"https://fonts.googleapis.com/css?family=Miniver"},
                  {"name": "Miss Fajardose", "value": "'Miss Fajardose'", "url":"https://fonts.googleapis.com/css?family=Miss+Fajardose"},
                  {"name": "Modern Antiqua", "value": "'Modern Antiqua'", "url":"https://fonts.googleapis.com/css?family=Modern+Antiqua"},
                  {"name": "Molengo", "value": "'Molengo'", "url":"https://fonts.googleapis.com/css?family=Molengo"},
                  {"name": "Molle", "value": "'Molle'", "url":"https://fonts.googleapis.com/css?family=Molle"},
                  {"name": "Monda", "value": "'Monda'", "url":"https://fonts.googleapis.com/css?family=Monda"},
                  {"name": "Monofett", "value": "'Monofett'", "url":"https://fonts.googleapis.com/css?family=Monofett"},
                  {"name": "Monoton", "value": "'Monoton'", "url":"https://fonts.googleapis.com/css?family=Monoton"},
                  {"name": "Monsieur La Doulaise", "value": "'Monsieur La Doulaise'", "url":"https://fonts.googleapis.com/css?family=Monsieur+La+Doulaise"},
                  {"name": "Montaga", "value": "'Montaga'", "url":"https://fonts.googleapis.com/css?family=Montaga"},
                  {"name": "Montez", "value": "'Montez'", "url":"https://fonts.googleapis.com/css?family=Montez"},
                  {"name": "Montserrat", "value": "'Montserrat'", "url":"https://fonts.googleapis.com/css?family=Montserrat"},
                  {"name": "Montserrat Alternates", "value": "'Montserrat Alternates'", "url":"https://fonts.googleapis.com/css?family=Montserrat+Alternates"},
                  {"name": "Montserrat Subrayada", "value": "'Montserrat Subrayada'", "url":"https://fonts.googleapis.com/css?family=Montserrat+Subrayada"},
                  {"name": "Moul", "value": "'Moul'", "url":"https://fonts.googleapis.com/css?family=Moul"},
                  {"name": "Moulpali", "value": "'Moulpali'", "url":"https://fonts.googleapis.com/css?family=Moulpali"},
                  {"name": "Mountains of Christmas", "value": "'Mountains of Christmas'", "url":"https://fonts.googleapis.com/css?family=Mountains+of+Christmas"},
                  {"name": "Mouse Memoirs", "value": "'Mouse Memoirs'", "url":"https://fonts.googleapis.com/css?family=Mouse+Memoirs"},
                  {"name": "Mr Bedfort", "value": "'Mr Bedfort'", "url":"https://fonts.googleapis.com/css?family=Mr+Bedfort"},
                  {"name": "Mr Dafoe", "value": "'Mr Dafoe'", "url":"https://fonts.googleapis.com/css?family=Mr+Dafoe"},
                  {"name": "Mr De Haviland", "value": "'Mr De Haviland'", "url":"https://fonts.googleapis.com/css?family=Mr+De+Haviland"},
                  {"name": "Mrs Saint Delafield", "value": "'Mrs Saint Delafield'", "url":"https://fonts.googleapis.com/css?family=Mrs+Saint+Delafield"},
                  {"name": "Mrs Sheppards", "value": "'Mrs Sheppards'", "url":"https://fonts.googleapis.com/css?family=Mrs+Sheppards"},
                  {"name": "Muli", "value": "'Muli'", "url":"https://fonts.googleapis.com/css?family=Muli"},
                  {"name": "Mystery Quest", "value": "'Mystery Quest'", "url":"https://fonts.googleapis.com/css?family=Mystery+Quest"},
                  {"name": "Neucha", "value": "'Neucha'", "url":"https://fonts.googleapis.com/css?family=Neucha"},
                  {"name": "Neuton", "value": "'Neuton'", "url":"https://fonts.googleapis.com/css?family=Neuton"},
                  {"name": "New Rocker", "value": "'New Rocker'", "url":"https://fonts.googleapis.com/css?family=New+Rocker"},
                  {"name": "News Cycle", "value": "'News Cycle'", "url":"https://fonts.googleapis.com/css?family=News+Cycle"},
                  {"name": "Niconne", "value": "'Niconne'", "url":"https://fonts.googleapis.com/css?family=Niconne"},
                  {"name": "Nixie One", "value": "'Nixie One'", "url":"https://fonts.googleapis.com/css?family=Nixie+One"},
                  {"name": "Nobile", "value": "'Nobile'", "url":"https://fonts.googleapis.com/css?family=Nobile"},
                  {"name": "Nokora", "value": "'Nokora'", "url":"https://fonts.googleapis.com/css?family=Nokora"},
                  {"name": "Norican", "value": "'Norican'", "url":"https://fonts.googleapis.com/css?family=Norican"},
                  {"name": "Nosifer", "value": "'Nosifer'", "url":"https://fonts.googleapis.com/css?family=Nosifer"},
                  {"name": "Nothing You Could Do", "value": "'Nothing You Could Do'", "url":"https://fonts.googleapis.com/css?family=Nothing+You+Could+Do"},
                  {"name": "Noticia Text", "value": "'Noticia Text'", "url":"https://fonts.googleapis.com/css?family=Noticia+Text"},
                  {"name": "Noto Sans", "value": "'Noto Sans'", "url":"https://fonts.googleapis.com/css?family=Noto+Sans"},
                  {"name": "Noto Serif", "value": "'Noto Serif'", "url":"https://fonts.googleapis.com/css?family=Noto+Serif"},
                  {"name": "Nova Cut", "value": "'Nova Cut'", "url":"https://fonts.googleapis.com/css?family=Nova+Cut"},
                  {"name": "Nova Flat", "value": "'Nova Flat'", "url":"https://fonts.googleapis.com/css?family=Nova+Flat"},
                  {"name": "Nova Mono", "value": "'Nova Mono'", "url":"https://fonts.googleapis.com/css?family=Nova+Mono"},
                  {"name": "Nova Oval", "value": "'Nova Oval'", "url":"https://fonts.googleapis.com/css?family=Nova+Oval"},
                  {"name": "Nova Round", "value": "'Nova Round'", "url":"https://fonts.googleapis.com/css?family=Nova+Round"},
                  {"name": "Nova Script", "value": "'Nova Script'", "url":"https://fonts.googleapis.com/css?family=Nova+Script"},
                  {"name": "Nova Slim", "value": "'Nova Slim'", "url":"https://fonts.googleapis.com/css?family=Nova+Slim"},
                  {"name": "Nova Square", "value": "'Nova Square'", "url":"https://fonts.googleapis.com/css?family=Nova+Square"},
                  {"name": "Numans", "value": "'Numans'", "url":"https://fonts.googleapis.com/css?family=Numans"},
                  {"name": "Nunito", "value": "'Nunito'", "url":"https://fonts.googleapis.com/css?family=Nunito"},
                  {"name": "Odor Mean Chey", "value": "'Odor Mean Chey'", "url":"https://fonts.googleapis.com/css?family=Odor+Mean+Chey"},
                  {"name": "Offside", "value": "'Offside'", "url":"https://fonts.googleapis.com/css?family=Offside"},
                  {"name": "Old Standard TT", "value": "'Old Standard TT'", "url":"https://fonts.googleapis.com/css?family=Old+Standard+TT"},
                  {"name": "Oldenburg", "value": "'Oldenburg'", "url":"https://fonts.googleapis.com/css?family=Oldenburg"},
                  {"name": "Oleo Script", "value": "'Oleo Script'", "url":"https://fonts.googleapis.com/css?family=Oleo+Script"},
                  {"name": "Oleo Script Swash Caps", "value": "'Oleo Script Swash Caps'", "url":"https://fonts.googleapis.com/css?family=Oleo+Script+Swash+Caps"},
                  {"name": "Open Sans", "value": "'Open Sans'", "url":"https://fonts.googleapis.com/css?family=Open+Sans:400,300"},
                  {"name": "Open Sans Condensed", "value": "'Open Sans Condensed'", "url":"https://fonts.googleapis.com/css?family=Open+Sans+Condensed:300"},
                  {"name": "Oranienbaum", "value": "'Oranienbaum'", "url":"https://fonts.googleapis.com/css?family=Oranienbaum"},
                  {"name": "Orbitron", "value": "'Orbitron'", "url":"https://fonts.googleapis.com/css?family=Orbitron"},
                  {"name": "Oregano", "value": "'Oregano'", "url":"https://fonts.googleapis.com/css?family=Oregano"},
                  {"name": "Orienta", "value": "'Orienta'", "url":"https://fonts.googleapis.com/css?family=Orienta"},
                  {"name": "Original Surfer", "value": "'Original Surfer'", "url":"https://fonts.googleapis.com/css?family=Original+Surfer"},
                  {"name": "Oswald", "value": "'Oswald'", "url":"https://fonts.googleapis.com/css?family=Oswald"},
                  {"name": "Over the Rainbow", "value": "'Over the Rainbow'", "url":"https://fonts.googleapis.com/css?family=Over+the+Rainbow"},
                  {"name": "Overlock", "value": "'Overlock'", "url":"https://fonts.googleapis.com/css?family=Overlock"},
                  {"name": "Overlock SC", "value": "'Overlock SC'", "url":"https://fonts.googleapis.com/css?family=Overlock+SC"},
                  {"name": "Ovo", "value": "'Ovo'", "url":"https://fonts.googleapis.com/css?family=Ovo"},
                  {"name": "Oxygen", "value": "'Oxygen'", "url":"https://fonts.googleapis.com/css?family=Oxygen"},
                  {"name": "Oxygen Mono", "value": "'Oxygen Mono'", "url":"https://fonts.googleapis.com/css?family=Oxygen+Mono"},
                  {"name": "PT Mono", "value": "'PT Mono'", "url":"https://fonts.googleapis.com/css?family=PT+Mono"},
                  {"name": "PT Sans", "value": "'PT Sans'", "url":"https://fonts.googleapis.com/css?family=PT+Sans"},
                  {"name": "PT Sans Caption", "value": "'PT Sans Caption'", "url":"https://fonts.googleapis.com/css?family=PT+Sans+Caption"},
                  {"name": "PT Sans Narrow", "value": "'PT Sans Narrow'", "url":"https://fonts.googleapis.com/css?family=PT+Sans+Narrow"},
                  {"name": "PT Serif", "value": "'PT Serif'", "url":"https://fonts.googleapis.com/css?family=PT+Serif"},
                  {"name": "PT Serif Caption", "value": "'PT Serif Caption'", "url":"https://fonts.googleapis.com/css?family=PT+Serif+Caption"},
                  {"name": "Pacifico", "value": "'Pacifico'", "url":"https://fonts.googleapis.com/css?family=Pacifico"},
                  {"name": "Paprika", "value": "'Paprika'", "url":"https://fonts.googleapis.com/css?family=Paprika"},
                  {"name": "Parisienne", "value": "'Parisienne'", "url":"https://fonts.googleapis.com/css?family=Parisienne"},
                  {"name": "Passero One", "value": "'Passero One'", "url":"https://fonts.googleapis.com/css?family=Passero+One"},
                  {"name": "Passion One", "value": "'Passion One'", "url":"https://fonts.googleapis.com/css?family=Passion+One"},
                  {"name": "Pathway Gothic One", "value": "'Pathway Gothic One'", "url":"https://fonts.googleapis.com/css?family=Pathway+Gothic+One"},
                  {"name": "Patrick Hand", "value": "'Patrick Hand'", "url":"https://fonts.googleapis.com/css?family=Patrick+Hand"},
                  {"name": "Patrick Hand SC", "value": "'Patrick Hand SC'", "url":"https://fonts.googleapis.com/css?family=Patrick+Hand+SC"},
                  {"name": "Patua One", "value": "'Patua One'", "url":"https://fonts.googleapis.com/css?family=Patua+One"},
                  {"name": "Paytone One", "value": "'Paytone One'", "url":"https://fonts.googleapis.com/css?family=Paytone+One"},
                  {"name": "Peralta", "value": "'Peralta'", "url":"https://fonts.googleapis.com/css?family=Peralta"},
                  {"name": "Permanent Marker", "value": "'Permanent Marker'", "url":"https://fonts.googleapis.com/css?family=Permanent+Marker"},
                  {"name": "Petit Formal Script", "value": "'Petit Formal Script'", "url":"https://fonts.googleapis.com/css?family=Petit+Formal+Script"},
                  {"name": "Petrona", "value": "'Petrona'", "url":"https://fonts.googleapis.com/css?family=Petrona"},
                  {"name": "Philosopher", "value": "'Philosopher'", "url":"https://fonts.googleapis.com/css?family=Philosopher"},
                  {"name": "Piedra", "value": "'Piedra'", "url":"https://fonts.googleapis.com/css?family=Piedra"},
                  {"name": "Pinyon Script", "value": "'Pinyon Script'", "url":"https://fonts.googleapis.com/css?family=Pinyon+Script"},
                  {"name": "Pirata One", "value": "'Pirata One'", "url":"https://fonts.googleapis.com/css?family=Pirata+One"},
                  {"name": "Plaster", "value": "'Plaster'", "url":"https://fonts.googleapis.com/css?family=Plaster"},
                  {"name": "Play", "value": "'Play'", "url":"https://fonts.googleapis.com/css?family=Play"},
                  {"name": "Playball", "value": "'Playball'", "url":"https://fonts.googleapis.com/css?family=Playball"},
                  {"name": "Playfair Display", "value": "'Playfair Display'", "url":"https://fonts.googleapis.com/css?family=Playfair+Display"},
                  {"name": "Playfair Display SC", "value": "'Playfair Display SC'", "url":"https://fonts.googleapis.com/css?family=Playfair+Display+SC"},
                  {"name": "Podkova", "value": "'Podkova'", "url":"https://fonts.googleapis.com/css?family=Podkova"},
                  {"name": "Poiret One", "value": "'Poiret One'", "url":"https://fonts.googleapis.com/css?family=Poiret+One"},
                  {"name": "Poller One", "value": "'Poller One'", "url":"https://fonts.googleapis.com/css?family=Poller+One"},
                  {"name": "Poly", "value": "'Poly'", "url":"https://fonts.googleapis.com/css?family=Poly"},
                  {"name": "Pompiere", "value": "'Pompiere'", "url":"https://fonts.googleapis.com/css?family=Pompiere"},
                  {"name": "Pontano Sans", "value": "'Pontano Sans'", "url":"https://fonts.googleapis.com/css?family=Pontano+Sans"},
                  {"name": "Port Lligat Sans", "value": "'Port Lligat Sans'", "url":"https://fonts.googleapis.com/css?family=Port+Lligat+Sans"},
                  {"name": "Port Lligat Slab", "value": "'Port Lligat Slab'", "url":"https://fonts.googleapis.com/css?family=Port+Lligat+Slab"},
                  {"name": "Prata", "value": "'Prata'", "url":"https://fonts.googleapis.com/css?family=Prata"},
                  {"name": "Preahvihear", "value": "'Preahvihear'", "url":"https://fonts.googleapis.com/css?family=Preahvihear"},
                  {"name": "Press Start 2P", "value": "'Press Start 2P'", "url":"https://fonts.googleapis.com/css?family=Press+Start+2P"},
                  {"name": "Princess Sofia", "value": "'Princess Sofia'", "url":"https://fonts.googleapis.com/css?family=Princess+Sofia"},
                  {"name": "Prociono", "value": "'Prociono'", "url":"https://fonts.googleapis.com/css?family=Prociono"},
                  {"name": "Prosto One", "value": "'Prosto One'", "url":"https://fonts.googleapis.com/css?family=Prosto+One"},
                  {"name": "Puritan", "value": "'Puritan'", "url":"https://fonts.googleapis.com/css?family=Puritan"},
                  {"name": "Purple Purse", "value": "'Purple Purse'", "url":"https://fonts.googleapis.com/css?family=Purple+Purse"},
                  {"name": "Quando", "value": "'Quando'", "url":"https://fonts.googleapis.com/css?family=Quando"},
                  {"name": "Quantico", "value": "'Quantico'", "url":"https://fonts.googleapis.com/css?family=Quantico"},
                  {"name": "Quattrocento", "value": "'Quattrocento'", "url":"https://fonts.googleapis.com/css?family=Quattrocento"},
                  {"name": "Quattrocento Sans", "value": "'Quattrocento Sans'", "url":"https://fonts.googleapis.com/css?family=Quattrocento+Sans"},
                  {"name": "Questrial", "value": "'Questrial'", "url":"https://fonts.googleapis.com/css?family=Questrial"},
                  {"name": "Quicksand", "value": "'Quicksand'", "url":"https://fonts.googleapis.com/css?family=Quicksand"},
                  {"name": "Quintessential", "value": "'Quintessential'", "url":"https://fonts.googleapis.com/css?family=Quintessential"},
                  {"name": "Qwigley", "value": "'Qwigley'", "url":"https://fonts.googleapis.com/css?family=Qwigley"},
                  {"name": "Racing Sans One", "value": "'Racing Sans One'", "url":"https://fonts.googleapis.com/css?family=Racing+Sans+One"},
                  {"name": "Radley", "value": "'Radley'", "url":"https://fonts.googleapis.com/css?family=Radley"},
                  {"name": "Raleway", "value": "'Raleway'", "url":"https://fonts.googleapis.com/css?family=Raleway"},
                  {"name": "Raleway Dots", "value": "'Raleway Dots'", "url":"https://fonts.googleapis.com/css?family=Raleway+Dots"},
                  {"name": "Rambla", "value": "'Rambla'", "url":"https://fonts.googleapis.com/css?family=Rambla"},
                  {"name": "Rammetto One", "value": "'Rammetto One'", "url":"https://fonts.googleapis.com/css?family=Rammetto+One"},
                  {"name": "Ranchers", "value": "'Ranchers'", "url":"https://fonts.googleapis.com/css?family=Ranchers"},
                  {"name": "Rancho", "value": "'Rancho'", "url":"https://fonts.googleapis.com/css?family=Rancho"},
                  {"name": "Rationale", "value": "'Rationale'", "url":"https://fonts.googleapis.com/css?family=Rationale"},
                  {"name": "Redressed", "value": "'Redressed'", "url":"https://fonts.googleapis.com/css?family=Redressed"},
                  {"name": "Reenie Beanie", "value": "'Reenie Beanie'", "url":"https://fonts.googleapis.com/css?family=Reenie+Beanie"},
                  {"name": "Revalia", "value": "'Revalia'", "url":"https://fonts.googleapis.com/css?family=Revalia"},
                  {"name": "Ribeye", "value": "'Ribeye'", "url":"https://fonts.googleapis.com/css?family=Ribeye"},
                  {"name": "Ribeye Marrow", "value": "'Ribeye Marrow'", "url":"https://fonts.googleapis.com/css?family=Ribeye+Marrow"},
                  {"name": "Righteous", "value": "'Righteous'", "url":"https://fonts.googleapis.com/css?family=Righteous"},
                  {"name": "Risque", "value": "'Risque'", "url":"https://fonts.googleapis.com/css?family=Risque"},
                  {"name": "Roboto", "value": "'Roboto'", "url":"https://fonts.googleapis.com/css?family=Roboto:300,400,700"},
                  {"name": "Roboto Condensed", "value": "'Roboto Condensed'", "url":"https://fonts.googleapis.com/css?family=Roboto+Condensed:300,400,700"},
                  {"name": "Roboto Slab", "value": "'Roboto Slab'", "url":"https://fonts.googleapis.com/css?family=Roboto+Slab:400,300,700"},
                  {"name": "Rochester", "value": "'Rochester'", "url":"https://fonts.googleapis.com/css?family=Rochester"},
                  {"name": "Rock Salt", "value": "'Rock Salt'", "url":"https://fonts.googleapis.com/css?family=Rock+Salt"},
                  {"name": "Rokkitt", "value": "'Rokkitt'", "url":"https://fonts.googleapis.com/css?family=Rokkitt"},
                  {"name": "Romanesco", "value": "'Romanesco'", "url":"https://fonts.googleapis.com/css?family=Romanesco"},
                  {"name": "Ropa Sans", "value": "'Ropa Sans'", "url":"https://fonts.googleapis.com/css?family=Ropa+Sans"},
                  {"name": "Rosario", "value": "'Rosario'", "url":"https://fonts.googleapis.com/css?family=Rosario"},
                  {"name": "Rosarivo", "value": "'Rosarivo'", "url":"https://fonts.googleapis.com/css?family=Rosarivo"},
                  {"name": "Rouge Script", "value": "'Rouge Script'", "url":"https://fonts.googleapis.com/css?family=Rouge+Script"},
                  {"name": "Ruda", "value": "'Ruda'", "url":"https://fonts.googleapis.com/css?family=Ruda"},
                  {"name": "Rufina", "value": "'Rufina'", "url":"https://fonts.googleapis.com/css?family=Rufina"},
                  {"name": "Ruge Boogie", "value": "'Ruge Boogie'", "url":"https://fonts.googleapis.com/css?family=Ruge+Boogie"},
                  {"name": "Ruluko", "value": "'Ruluko'", "url":"https://fonts.googleapis.com/css?family=Ruluko"},
                  {"name": "Rum Raisin", "value": "'Rum Raisin'", "url":"https://fonts.googleapis.com/css?family=Rum+Raisin"},
                  {"name": "Ruslan Display", "value": "'Ruslan Display'", "url":"https://fonts.googleapis.com/css?family=Ruslan+Display"},
                  {"name": "Russo One", "value": "'Russo One'", "url":"https://fonts.googleapis.com/css?family=Russo+One"},
                  {"name": "Ruthie", "value": "'Ruthie'", "url":"https://fonts.googleapis.com/css?family=Ruthie"},
                  {"name": "Rye", "value": "'Rye'", "url":"https://fonts.googleapis.com/css?family=Rye"},
                  {"name": "Sacramento", "value": "'Sacramento'", "url":"https://fonts.googleapis.com/css?family=Sacramento"},
                  {"name": "Sail", "value": "'Sail'", "url":"https://fonts.googleapis.com/css?family=Sail"},
                  {"name": "Salsa", "value": "'Salsa'", "url":"https://fonts.googleapis.com/css?family=Salsa"},
                  {"name": "Sanchez", "value": "'Sanchez'", "url":"https://fonts.googleapis.com/css?family=Sanchez"},
                  {"name": "Sancreek", "value": "'Sancreek'", "url":"https://fonts.googleapis.com/css?family=Sancreek"},
                  {"name": "Sansita One", "value": "'Sansita One'", "url":"https://fonts.googleapis.com/css?family=Sansita+One"},
                  {"name": "Sarina", "value": "'Sarina'", "url":"https://fonts.googleapis.com/css?family=Sarina"},
                  {"name": "Satisfy", "value": "'Satisfy'", "url":"https://fonts.googleapis.com/css?family=Satisfy"},
                  {"name": "Scada", "value": "'Scada'", "url":"https://fonts.googleapis.com/css?family=Scada"},
                  {"name": "Schoolbell", "value": "'Schoolbell'", "url":"https://fonts.googleapis.com/css?family=Schoolbell"},
                  {"name": "Seaweed Script", "value": "'Seaweed Script'", "url":"https://fonts.googleapis.com/css?family=Seaweed+Script"},
                  {"name": "Sevillana", "value": "'Sevillana'", "url":"https://fonts.googleapis.com/css?family=Sevillana"},
                  {"name": "Seymour One", "value": "'Seymour One'", "url":"https://fonts.googleapis.com/css?family=Seymour+One"},
                  {"name": "Shadows Into Light", "value": "'Shadows Into Light'", "url":"https://fonts.googleapis.com/css?family=Shadows+Into+Light"},
                  {"name": "Shadows Into Light Two", "value": "'Shadows Into Light Two'", "url":"https://fonts.googleapis.com/css?family=Shadows+Into+Light+Two"},
                  {"name": "Shanti", "value": "'Shanti'", "url":"https://fonts.googleapis.com/css?family=Shanti"},
                  {"name": "Share", "value": "'Share'", "url":"https://fonts.googleapis.com/css?family=Share"},
                  {"name": "Share Tech", "value": "'Share Tech'", "url":"https://fonts.googleapis.com/css?family=Share+Tech"},
                  {"name": "Share Tech Mono", "value": "'Share Tech Mono'", "url":"https://fonts.googleapis.com/css?family=Share+Tech+Mono"},
                  {"name": "Shojumaru", "value": "'Shojumaru'", "url":"https://fonts.googleapis.com/css?family=Shojumaru"},
                  {"name": "Short Stack", "value": "'Short Stack'", "url":"https://fonts.googleapis.com/css?family=Short+Stack"},
                  {"name": "Siemreap", "value": "'Siemreap'", "url":"https://fonts.googleapis.com/css?family=Siemreap"},
                  {"name": "Sigmar One", "value": "'Sigmar One'", "url":"https://fonts.googleapis.com/css?family=Sigmar+One"},
                  {"name": "Signika", "value": "'Signika'", "url":"https://fonts.googleapis.com/css?family=Signika"},
                  {"name": "Signika Negative", "value": "'Signika Negative'", "url":"https://fonts.googleapis.com/css?family=Signika+Negative"},
                  {"name": "Simonetta", "value": "'Simonetta'", "url":"https://fonts.googleapis.com/css?family=Simonetta"},
                  {"name": "Sintony", "value": "'Sintony'", "url":"https://fonts.googleapis.com/css?family=Sintony"},
                  {"name": "Sirin Stencil", "value": "'Sirin Stencil'", "url":"https://fonts.googleapis.com/css?family=Sirin+Stencil"},
                  {"name": "Six Caps", "value": "'Six Caps'", "url":"https://fonts.googleapis.com/css?family=Six+Caps"},
                  {"name": "Skranji", "value": "'Skranji'", "url":"https://fonts.googleapis.com/css?family=Skranji"},
                  {"name": "Slackey", "value": "'Slackey'", "url":"https://fonts.googleapis.com/css?family=Slackey"},
                  {"name": "Smokum", "value": "'Smokum'", "url":"https://fonts.googleapis.com/css?family=Smokum"},
                  {"name": "Smythe", "value": "'Smythe'", "url":"https://fonts.googleapis.com/css?family=Smythe"},
                  {"name": "Sniglet", "value": "'Sniglet'", "url":"https://fonts.googleapis.com/css?family=Sniglet"},
                  {"name": "Snippet", "value": "'Snippet'", "url":"https://fonts.googleapis.com/css?family=Snippet"},
                  {"name": "Snowburst One", "value": "'Snowburst One'", "url":"https://fonts.googleapis.com/css?family=Snowburst+One"},
                  {"name": "Sofadi One", "value": "'Sofadi One'", "url":"https://fonts.googleapis.com/css?family=Sofadi+One"},
                  {"name": "Sofia", "value": "'Sofia'", "url":"https://fonts.googleapis.com/css?family=Sofia"},
                  {"name": "Sonsie One", "value": "'Sonsie One'", "url":"https://fonts.googleapis.com/css?family=Sonsie+One"},
                  {"name": "Sorts Mill Goudy", "value": "'Sorts Mill Goudy'", "url":"https://fonts.googleapis.com/css?family=Sorts+Mill+Goudy"},
                  {"name": "Source Code Pro", "value": "'Source Code Pro'", "url":"https://fonts.googleapis.com/css?family=Source+Code+Pro"},
                  {"name": "Source Sans Pro", "value": "'Source Sans Pro'", "url":"https://fonts.googleapis.com/css?family=Source+Sans+Pro"},
                  {"name": "Special Elite", "value": "'Special Elite'", "url":"https://fonts.googleapis.com/css?family=Special+Elite"},
                  {"name": "Spicy Rice", "value": "'Spicy Rice'", "url":"https://fonts.googleapis.com/css?family=Spicy+Rice"},
                  {"name": "Spinnaker", "value": "'Spinnaker'", "url":"https://fonts.googleapis.com/css?family=Spinnaker"},
                  {"name": "Spirax", "value": "'Spirax'", "url":"https://fonts.googleapis.com/css?family=Spirax"},
                  {"name": "Squada One", "value": "'Squada One'", "url":"https://fonts.googleapis.com/css?family=Squada+One"},
                  {"name": "Stalemate", "value": "'Stalemate'", "url":"https://fonts.googleapis.com/css?family=Stalemate"},
                  {"name": "Stalinist One", "value": "'Stalinist One'", "url":"https://fonts.googleapis.com/css?family=Stalinist+One"},
                  {"name": "Stardos Stencil", "value": "'Stardos Stencil'", "url":"https://fonts.googleapis.com/css?family=Stardos+Stencil"},
                  {"name": "Stint Ultra Condensed", "value": "'Stint Ultra Condensed'", "url":"https://fonts.googleapis.com/css?family=Stint+Ultra+Condensed"},
                  {"name": "Stint Ultra Expanded", "value": "'Stint Ultra Expanded'", "url":"https://fonts.googleapis.com/css?family=Stint+Ultra+Expanded"},
                  {"name": "Stoke", "value": "'Stoke'", "url":"https://fonts.googleapis.com/css?family=Stoke"},
                  {"name": "Strait", "value": "'Strait'", "url":"https://fonts.googleapis.com/css?family=Strait"},
                  {"name": "Sue Ellen Francisco", "value": "'Sue Ellen Francisco'", "url":"https://fonts.googleapis.com/css?family=Sue+Ellen+Francisco"},
                  {"name": "Sunshiney", "value": "'Sunshiney'", "url":"https://fonts.googleapis.com/css?family=Sunshiney"},
                  {"name": "Supermercado One", "value": "'Supermercado One'", "url":"https://fonts.googleapis.com/css?family=Supermercado+One"},
                  {"name": "Suwannaphum", "value": "'Suwannaphum'", "url":"https://fonts.googleapis.com/css?family=Suwannaphum"},
                  {"name": "Swanky and Moo Moo", "value": "'Swanky and Moo Moo'", "url":"https://fonts.googleapis.com/css?family=Swanky+and+Moo+Moo"},
                  {"name": "Syncopate", "value": "'Syncopate'", "url":"https://fonts.googleapis.com/css?family=Syncopate"},
                  {"name": "Tangerine", "value": "'Tangerine'", "url":"https://fonts.googleapis.com/css?family=Tangerine"},
                  {"name": "Taprom", "value": "'Taprom'", "url":"https://fonts.googleapis.com/css?family=Taprom"},
                  {"name": "Tauri", "value": "'Tauri'", "url":"https://fonts.googleapis.com/css?family=Tauri"},
                  {"name": "Telex", "value": "'Telex'", "url":"https://fonts.googleapis.com/css?family=Telex"},
                  {"name": "Tenor Sans", "value": "'Tenor Sans'", "url":"https://fonts.googleapis.com/css?family=Tenor+Sans"},
                  {"name": "Text Me One", "value": "'Text Me One'", "url":"https://fonts.googleapis.com/css?family=Text+Me+One"},
                  {"name": "The Girl Next Door", "value": "'The Girl Next Door'", "url":"https://fonts.googleapis.com/css?family=The+Girl+Next+Door"},
                  {"name": "Tienne", "value": "'Tienne'", "url":"https://fonts.googleapis.com/css?family=Tienne"},
                  {"name": "Tinos", "value": "'Tinos'", "url":"https://fonts.googleapis.com/css?family=Tinos"},
                  {"name": "Titan One", "value": "'Titan One'", "url":"https://fonts.googleapis.com/css?family=Titan+One"},
                  {"name": "Titillium Web", "value": "'Titillium Web'", "url":"https://fonts.googleapis.com/css?family=Titillium+Web"},
                  {"name": "Trade Winds", "value": "'Trade Winds'", "url":"https://fonts.googleapis.com/css?family=Trade+Winds"},
                  {"name": "Trocchi", "value": "'Trocchi'", "url":"https://fonts.googleapis.com/css?family=Trocchi"},
                  {"name": "Trochut", "value": "'Trochut'", "url":"https://fonts.googleapis.com/css?family=Trochut"},
                  {"name": "Trykker", "value": "'Trykker'", "url":"https://fonts.googleapis.com/css?family=Trykker"},
                  {"name": "Tulpen One", "value": "'Tulpen One'", "url":"https://fonts.googleapis.com/css?family=Tulpen+One"},
                  {"name": "Ubuntu", "value": "'Ubuntu'", "url":"https://fonts.googleapis.com/css?family=Ubuntu"},
                  {"name": "Ubuntu Condensed", "value": "'Ubuntu Condensed'", "url":"https://fonts.googleapis.com/css?family=Ubuntu+Condensed"},
                  {"name": "Ubuntu Mono", "value": "'Ubuntu Mono'", "url":"https://fonts.googleapis.com/css?family=Ubuntu+Mono"},
                  {"name": "Ultra", "value": "'Ultra'", "url":"https://fonts.googleapis.com/css?family=Ultra"},
                  {"name": "Uncial Antiqua", "value": "'Uncial Antiqua'", "url":"https://fonts.googleapis.com/css?family=Uncial+Antiqua"},
                  {"name": "Underdog", "value": "'Underdog'", "url":"https://fonts.googleapis.com/css?family=Underdog"},
                  {"name": "Unica One", "value": "'Unica One'", "url":"https://fonts.googleapis.com/css?family=Unica+One"},
                  {"name": "UnifrakturCook", "value": "'UnifrakturCook'", "url":"https://fonts.googleapis.com/css?family=UnifrakturCook"},
                  {"name": "UnifrakturMaguntia", "value": "'UnifrakturMaguntia'", "url":"https://fonts.googleapis.com/css?family=UnifrakturMaguntia"},
                  {"name": "Unkempt", "value": "'Unkempt'", "url":"https://fonts.googleapis.com/css?family=Unkempt"},
                  {"name": "Unlock", "value": "'Unlock'", "url":"https://fonts.googleapis.com/css?family=Unlock"},
                  {"name": "Unna", "value": "'Unna'", "url":"https://fonts.googleapis.com/css?family=Unna"},
                  {"name": "VT323", "value": "'VT323'", "url":"https://fonts.googleapis.com/css?family=VT323"},
                  {"name": "Vampiro One", "value": "'Vampiro One'", "url":"https://fonts.googleapis.com/css?family=Vampiro+One"},
                  {"name": "Varela", "value": "'Varela'", "url":"https://fonts.googleapis.com/css?family=Varela"},
                  {"name": "Varela Round", "value": "'Varela Round'", "url":"https://fonts.googleapis.com/css?family=Varela+Round"},
                  {"name": "Vast Shadow", "value": "'Vast Shadow'", "url":"https://fonts.googleapis.com/css?family=Vast+Shadow"},
                  {"name": "Vibur", "value": "'Vibur'", "url":"https://fonts.googleapis.com/css?family=Vibur"},
                  {"name": "Vidaloka", "value": "'Vidaloka'", "url":"https://fonts.googleapis.com/css?family=Vidaloka"},
                  {"name": "Viga", "value": "'Viga'", "url":"https://fonts.googleapis.com/css?family=Viga"},
                  {"name": "Voces", "value": "'Voces'", "url":"https://fonts.googleapis.com/css?family=Voces"},
                  {"name": "Volkhov", "value": "'Volkhov'", "url":"https://fonts.googleapis.com/css?family=Volkhov"},
                  {"name": "Vollkorn", "value": "'Vollkorn'", "url":"https://fonts.googleapis.com/css?family=Vollkorn"},
                  {"name": "Voltaire", "value": "'Voltaire'", "url":"https://fonts.googleapis.com/css?family=Voltaire"},
                  {"name": "Waiting for the Sunrise", "value": "'Waiting for the Sunrise'", "url":"https://fonts.googleapis.com/css?family=Waiting+for+the+Sunrise"},
                  {"name": "Wallpoet", "value": "'Wallpoet'", "url":"https://fonts.googleapis.com/css?family=Wallpoet"},
                  {"name": "Walter Turncoat", "value": "'Walter Turncoat'", "url":"https://fonts.googleapis.com/css?family=Walter+Turncoat"},
                  {"name": "Warnes", "value": "'Warnes'", "url":"https://fonts.googleapis.com/css?family=Warnes"},
                  {"name": "Wellfleet", "value": "'Wellfleet'", "url":"https://fonts.googleapis.com/css?family=Wellfleet"},
                  {"name": "Wendy One", "value": "'Wendy One'", "url":"https://fonts.googleapis.com/css?family=Wendy+One"},
                  {"name": "Wire One", "value": "'Wire One'", "url":"https://fonts.googleapis.com/css?family=Wire+One"},
                  {"name": "Yanone Kaffeesatz", "value": "'Yanone Kaffeesatz'", "url":"https://fonts.googleapis.com/css?family=Yanone+Kaffeesatz"},
                  {"name": "Yellowtail", "value": "'Yellowtail'", "url":"https://fonts.googleapis.com/css?family=Yellowtail"},
                  {"name": "Yeseva One", "value": "'Yeseva One'", "url":"https://fonts.googleapis.com/css?family=Yeseva+One"},
                  {"name": "Yesteryear", "value": "'Yesteryear'", "url":"https://fonts.googleapis.com/css?family=Yesteryear"},
                  {"name": "Zeyada", "value": "'Zeyada'", "url":"https://fonts.googleapis.com/css?family=Zeyada"}
              ]
            }
        },
        {
            "type": "select",
            "vars": [
                "@dropdown-animation",
                "@dropdown-navbar-animation",
                "@dropdown-search-animation"
            ],
            "options": [
                {"name": "Fade", "value": "uk-fade"},
                {"name": "Slide-Down", "value": "uk-slide-bottom-fixed"},
                {"name": "Slide-Up", "value": "uk-slide-top-fixed"}
            ]
        },
        {
            "type": "select",
            "vars": [
                "*-text-transform"
            ],
            "options": [
                {"name": "None", "value": "none"},
                {"name": "Lowercase", "value": "lowercase"},
                {"name": "Uppercase", "value": "uppercase"},
                {"name": "Capitalize", "value": "capitalize"}
            ]
        },
        {
            "type": "select",
            "vars": [
                "*-weight"
            ],
            "options": [
                {"name": "Normal", "value": "normal"},
                {"name": "Bold", "value": "bold"},
                {"name": "100", "value": "100"},
                {"name": "200", "value": "200"},
                {"name": "300", "value": "300"},
                {"name": "400", "value": "400"},
                {"name": "500", "value": "500"},
                {"name": "600", "value": "600"},
                {"name": "700", "value": "700"},
                {"name": "800", "value": "800"},
                {"name": "900", "value": "900"}
            ]
        }
    ],
    "groups": [
        {
            "label": "General",
            "vars": [
                "@global-background",
                "@global-light-background",
                "@global-hightlight-background",
                "@global-hightlight-hover-background",
                "@global-dark-background",
                "@global-border",
                "@global-border-width",
                "@global-border-radius",

                "@utility-container-max-width",
                "@utility-container-large-max-width"
            ]
        },
        {
            "label": "Theme",
            "vars": [
                "@theme-navbar-height",
                "@theme-navbar-padding",
                "@theme-navbar-small-height",
                "@theme-navbar-small-padding",
                "@theme-nav-logo-width",
                "@theme-nav-logo-height",
                "@theme-navbar-phone-height",
                "@theme-navbar-background",

                "@theme-block-padding",
                "@theme-block-large-padding",

                "@theme-block-background",
                "@theme-block-light-background",
                "@theme-block-dark-background",
                "@theme-block-primary-background",
                "@theme-block-primary-dark-background",

                "@theme-light-border",
                "@theme-primary-border",

                "@theme-toolbar-background",
                "@theme-toolbar-subnav-border",

                "@theme-text-medium-font-size",
                "@theme-text-medium-line-height",

                "@theme-fullscreen-heading-color",
                "@theme-fullscreen-color",
                "@theme-fullscreen-border",

                "@theme-heading-border-width",

                "@theme-large-icon-font-size",

                "@theme-nite-icon-border"
            ]
        },
        {
            "label": "Typography",
            "vars": [
                "@global-color",
                "@global-muted-color",
                "@global-hover-color",
                "@global-highlight-color",
                "@global-contrast-color",

                "@global-link-color",
                "@global-link-hover-color",

                "@global-primary-color",
                "@global-primary-link-color",
                "@global-primary-link-hover-color",

                "@global-secondary-color",

                "@global-info-color",
                "@global-success-color",
                "@global-warning-color",
                "@global-danger-color",

                "@global-font-size",
                "@global-line-height",
                "@global-font-weight",
                "@global-bold-font-weight",
                "@global-heading-font-weight",
                "@global-text-transform",
                "@global-letter-spacing",

                "@base-body-font-family",
                "@base-heading-font-family"
            ]
        },
        {
            "label": "Buttons, Navs & Badges",
            "vars": [
                "@global-primary-background",
                "@global-primary-hover-background",
                "@global-success-background",
                "@global-warning-background",
                "@global-danger-background"
            ]
        },
        {
            "label": "Spacings",
            "advanced": true,
            "vars": [
                "@global-margin",
                "@global-margin-large",
                "@global-grid-gutter",
                "@global-grid-gutter-large"
            ]
        },
        {
            "label": "Controls",
            "advanced": true,
            "vars": [
                "@global-height",
                "@global-mini-height",
                "@global-small-height",
                "@global-large-height"
            ]
        },
        {
            "label": "Breakpoints",
            "advanced": true,
            "vars": [
                "@breakpoint-*"
            ]
        },
        {
            "label": "Alert",
            "advanced": true,
            "vars": [
                "@alert-*"
            ]
        },
        {
            "label": "Article",
            "advanced": true,
            "vars": [
                "@article-*"
            ]
        },
        {
            "label": "Badge",
            "advanced": true,
            "vars": [
                "@badge-*"
            ]
        },
        {
            "label": "Base",
            "advanced": true,
            "vars": [
                "@base-*"
            ]
        },
        {
            "label": "Block",
            "advanced": true,
            "vars": [
                "@block-*"
            ]
        },
        {
            "label": "Breadcrumb",
            "advanced": true,
            "vars": [
                "@breadcrumb-*"
            ]
        },
        {
            "label": "Button",
            "advanced": true,
            "vars": [
                "@button-*"
            ]
        },
        {
            "label": "Close",
            "advanced": true,
            "vars": [
                "@close-*"
            ]
        },
        {
            "label": "Comment",
            "advanced": true,
            "vars": [
                "@comment-*"
            ]
        },
        {
            "label": "Contrast",
            "advanced": true,
            "vars": [
                "@contrast-color",
                "@contrast-inverted-color"
            ]
        },
        {
            "label": "Description",
            "advanced": true,
            "vars": [
                "@description-*"
            ]
        },
        {
            "label": "Dropdown",
            "advanced": true,
            "vars": [
                "@dropdown-*"
            ]
        },
        {
            "label": "Form",
            "advanced": true,
            "vars": [
                "@form-*"
            ]
        },
        {
            "label": "Grid",
            "advanced": true,
            "vars": [
                "@grid-*"
            ]
        },
        {
            "label": "Icon",
            "advanced": true,
            "vars": [
                "@icon-*"
            ]
        },
        {
            "label": "List",
            "advanced": true,
            "vars": [
                "@list-*"
            ]
        },
        {
            "label": "Modal",
            "advanced": true,
            "vars": [
                "@modal-*"
            ]
        },
        {
            "label": "Nav",
            "advanced": true,
            "vars": [
                "@nav-*"
            ]
        },
        {
            "label": "Navbar",
            "advanced": true,
            "vars": [
                "@navbar-*"
            ]
        },
        {
            "label": "Offcanvas",
            "advanced": true,
            "vars": [
                "@offcanvas-*"
            ]
        },
        {
            "label": "Overlay",
            "advanced": true,
            "vars": [
                "@overlay-*"
            ]
        },
        {
            "label": "Pagination",
            "advanced": true,
            "vars": [
                "@pagination-*"
            ]
        },
        {
            "label": "Panel",
            "advanced": true,
            "vars": [
                "@panel-*"
            ]
        },
        {
            "label": "Progress",
            "advanced": true,
            "vars": [
                "@progress-*"
            ]
        },
        {
            "label": "Search",
            "advanced": true,
            "vars": [
                "@search-*"
            ]
        },
        {
            "label": "Subnav",
            "advanced": true,
            "vars": [
                "@subnav-*"
            ]
        },
        {
            "label": "Tab",
            "advanced": true,
            "vars": [
                "@tab-*"
            ]
        },
        {
            "label": "Table",
            "advanced": true,
            "vars": [
                "@table-*"
            ]
        },
        {
            "label": "Text",
            "advanced": true,
            "vars": [
                "@text-*"
            ]
        },
        {
            "label": "Thumbnail",
            "advanced": true,
            "vars": [
                "@thumbnail-*"
            ]
        },
        {
            "label": "Tooltip",
            "advanced": true,
            "vars": [
                "@tooltip-*"
            ]
        },
        {
            "label": "Utility",
            "advanced": true,
            "vars": [
                "@utility-*"
            ]
          },
          {
              "label": "Dotnav",
              "advanced": true,
              "vars": [
                  "@dotnav-*"
              ]
          },
          {
              "label": "Slidenav",
              "advanced": true,
              "vars": [
                  "@slidenav-*"
              ]
          },
          {
              "label": "Slider",
              "advanced": true,
              "vars": [
                  "@slider-*"
              ]
          },
          {
              "label": "Accordion",
              "advanced": true,
              "vars": [
                  "@accordion-*"
              ]
          },
          {
              "label": "Search",
              "advanced": true,
              "vars": [
                  "@search-*"
              ]
          }
    ]
}