<?xml version="1.0" encoding="utf-8"?>
<extension version="3.4" type="component" method="upgrade">
	<name>com_advancedmodules</name>
	<description>COM_ADVANCEDMODULES_DESC</description>
	<version>6.2.10</version>
	<creationDate>November 2016</creationDate>
	<author>Regular Labs (Peter van Westen)</author>
	<authorEmail>info@regularlabs.com</authorEmail>
	<authorUrl>https://www.regularlabs.com</authorUrl>
	<copyright>Copyright © 2016 Regular Labs - All Rights Reserved</copyright>
	<license>http://www.gnu.org/licenses/gpl-2.0.html GNU/GPL</license>

	<scriptfile>script.install.php</scriptfile>

	<updateservers>
		<server type="extension" priority="1" name="Regular Labs - Advanced Module Manager">
			http://download.regularlabs.com/updates.xml?e=advancedmodulemanager&amp;type=.xml
		</server>
	</updateservers>

	<administration>
		<files>
			<filename>advancedmodules.php</filename>
			<filename>assignments.xml</filename>
			<filename>config.xml</filename>
			<filename>controller.php</filename>
			<filename>script.install.helper.php</filename>
			<folder>controllers</folder>
			<folder>helpers</folder>
			<folder>language</folder>
			<folder>layouts</folder>
			<folder>models</folder>
			<folder>tables</folder>
			<folder>views</folder>
		</files>
	</administration>

	<files folder="site">
		<filename>advancedmodules.php</filename>
		<filename>controller.php</filename>
		<filename>empty.xml</filename>
		<folder>controllers</folder>
		<folder>helpers</folder>
		<folder>layouts</folder>
		<folder>models</folder>
		<folder>tables</folder>
		<folder>views</folder>
	</files>

	<media folder="media" destination="advancedmodules">
		<folder>js</folder>
	</media>
</extension>
