<?xml version="1.0" encoding="UTF-8" ?>
 <extension method="upgrade" type="package" version="2.5">
 <name>breezingforms</name>
 <author>breezingforms</author>
 <creationDate>Jan 2014</creationDate>
 <packagename>breezingforms</packagename>
 <version>1.0.0</version>
 <url></url>
 <packager>breezingforms</packager>
 <packagerurl></packagerurl>
 <description>breezingforms</description>
<files folder="packages">
   <file type="component" id="com_breezingforms_190" >com_breezingforms_190.zip</file>
   <file type="module" id="mod_breezingforms" group="content">mod_breezingforms.zip</file>
   <file type="plugin" id="plg_breezingforms" >plg_breezingforms.zip</file>      
   <file type="plugin" id="plg_breezingforms_constantcontact" >plg_breezingforms_constantcontact.zip</file>
   <file type="plugin" id="plg_breezingforms_download" >plg_breezingforms_download.zip</file>
   <file type="plugin" id="plg_breezingforms_gdata" >plg_breezingforms_gdata.zip</file>
   <file type="plugin" id="plg_breezingforms_image_scale" >plg_breezingforms_image_scale.zip</file>
   <file type="plugin" id="plg_breezingforms_skype" >plg_breezingforms_skype.zip</file>
   <file type="plugin" id="plg_telegram" >plg_telegram.zip</file>
   <file type="plugin" id="plg_zapier" >plg_zapier.zip</file>
  </files>
</extension>