{"automatic_module_id":"1","module_id":"gk-social-1","moduleclass_sfx":"no-border","cookie_conset":"0","module_data_source":"fb","twitter_consumer_key":"Please visit twitter.com to generate keys","twitter_consumer_secret":"Please visit twitter.com to generate keys","twitter_user_token":"Please visit twitter.com to generate keys","twitter_user_secret":"Please visit twitter.com to generate keys","twitter_search_query":"gavickpro","twitter_tweet_amount":"10","twitter_tweet_style":"style1","twitter_rows":"5","twitter_columns":"1","twitter_use_css":"1","twitter_show_uname":"1","twitter_show_fname":"1","twitter_show_actions":"1","twitter_show_avatar":"1","twitter_time_mode":"cdate","twitter_cache":"1","twitter_cache_time":"10","gplus_user":"https:\/\/plus.google.com\/+gavickpro","gplus_badge_style":"standard_badge","gplus_badge_layout":"portrait","gplus_cover_photo":"true","gplus_tagline":"true","gplus_badge_width":"300","gplus_badge_color":"light","gplus_lang_code":"en","gplus_custom_name":"","gplus_icon_size":"16","fb_auto_url":"true","fb_site":"http:\/\/facebook.com\/gavickpro","fb_app_id":"","fb_data_source":"like_box","fb_code_type":"HTML5","fb_language":"en_US","fb_width":"300","fb_height":"300","fb_header":"true","fb_colorscheme":"light","fb_recommendations":"false","fb_link_target":"_blank","fb_max_age":"0","fb_number_comments":"10","fb_width_comments":"500","fb_only_number":"false","fb_comments_colorscheme":"light","fb_only_number_add":"awesome comments","fb_only_number_url":"false","fb_comments_admin_id":"","fb_facepile_width":"200","fb_facepile_num_rows":"2","fb_facepile_colorscheme":"light","fb_facepile_size":"small","fb_likebox_width":"235","fb_likebox_height":"265","fb_likebox_colorscheme":"light","fb_likebox_header":"false","fb_likebox_show_border":"false","fb_likebox_faces":"true","fb_likebox_stream":"false","fb_rec_width":"300","fb_rec_height":"300","fb_rec_header":"true","fb_rec_colorscheme":"light","fb_rec_max_age":"0","fb_rec_link_target":"_blank","module_link_switch":"0","module_link":""}