<?xml version="1.0" encoding="utf-8"?>
<extension type="module" version="3.0" client="site" method="upgrade">
	<name>Social GK5</name>
	<author>GavickPro</author>
	<creationDate>08/03/2015</creationDate>
	<copyright>Copyright (C) 2011-2015 GavickPro. All rights reserved.</copyright>
	<license>GNU General Public License version 2 or later</license>
	<authorEmail>info@gavick.com</authorEmail>
	<authorUrl>www.gavickpro.com</authorUrl>
	<version>1.2.5</version>
	<description><![CDATA[
		<style type="text/css">
			span.readonly { padding: 10px; font-family: Arial; font-size:13px !important; font-weight: normal !important; text-align: justify; color: #4d4d4d; line-height: 24px; }
			span.readonly h1 { clear:both; font-family: Georgia, sans-serif; font-size:38px; margin:30px 20px 23px; padding:0px 0px 24px 10px; color:#333; border-bottom: 1px solid #eee; font-weight: normal; }
			span.readonly p { margin: 0 26px 10px }
			span.readonly p a { color: #2F4C6D }
			span.readonly p.homepage { margin-top: 30px }
			span.readonly p.license { border-top: 1px solid #eee; font-size: 11px; margin: 30px 26px 0; padding: 6px 0; }
		</style>
		
		<span class="readonly"><h1>Social GK5<small>ver. 1.2.5</small></h1><p>GK5 is one product of the next generation of GavickPro extensions designed exclusively for Joomla 3+.</p><p>Social GK5 combines functionalities from FB GK4, Gplus GK4 and completely new support for data source from a Twitter portal. Social GK5 supports the most popular services like: Facebook, Google+ and Twitter. This module allows visitors to connect directly and to promote your brand on the most popular social portals.</p> <p class="homepage"><a target="_blank" href="https://www.gavick.com/social-gk5.html">Learn more at the Social GK5 project website.</a></p><p class="license">Social GK5 is released under the <a href="http://www.gnu.org/licenses/gpl-2.0.html" target="_blank">GNU/GPL v2 license.</a></p></span></span>
	]]></description>
	<files>
		<filename module="mod_social_gk5">mod_social_gk5.php</filename>
		<filename module="mod_social_gk5">mod_social_gk5.xml</filename>
		<filename module="mod_social_gk5">index.html</filename>
		<folder>admin</folder>
		<folder>cache</folder>
		<folder>config</folder>
		<folder>data_source</folder>
		<folder>images</folder>
		<folder>styles</folder>
		<folder>tmpl</folder>
	</files>
	
	<updateservers>
       <server type="extension" priority="1" name="Social GK5 Updates">https://www.gavick.com/update_server/joomla30/social_gk5.xml</server>
   </updateservers>
	
	<languages>
		<language tag="en-GB">language/en-GB.mod_social_gk5.ini</language>
	</languages>
	
	<config>
		<fields name="params" addfieldpath="/modules/mod_social_gk5/admin/elements">
			<!-- basic -->
			<fieldset name="SOCIAL_BASIC">
				<field type="asset" path="modules/mod_social_gk5/admin/" />
				<field name="config_manager" type="configmanager" directory="modules/mod_social_gk5/config/" />
				<field name="automatic_module_id" type="radio" class="btn-group" default="1" label="MOD_SOCIAL_AUTOMATIC_MODULE_ID" description="MOD_SOCIAL_AUTOMATIC_MODULE_ID_DESC">
				        <option value="0">MOD_SOCIAL_DISABLED</option>
				        <option value="1">MOD_SOCIAL_ENABLED</option>
				</field>
				<field name="module_id" type="text" default="gk-social-1" label="MOD_SOCIAL_MODULE_ID" description="MOD_SOCIAL_MODULE_ID_DESC" />
				<field name="moduleclass_sfx" type="text" default="" label="MOD_SOCIAL_MODCLASSSUFFIX" description="MOD_SOCIAL_MODCLASSSUFFIX_DESC" />
				<field name="cookie_conset" type="radio" class="btn-group" default="0" label="MOD_SOCIAL_COOKIE_CONSET" description="MOD_SOCIAL_COOKIE_CONSET_DESC">
				 		<option value="0">MOD_SOCIAL_DISABLED</option>
				        <option value="1">MOD_SOCIAL_ENABLED</option>
				</field>
				<field name="module_data_source" type="list" default="fb" label="MOD_SOCIAL_DATA_SOURCE" description="MOD_SOCIAL_DATA_SOURCE_DESC">
				        <option value="fb">MOD_SOCIAL_FB_SOURCE</option>
				        <option value="gplus">MOD_SOCIAL_GPLUS_SOURCE</option>
						<option value="twitter">MOD_SOCIAL_TWITTER_SOURCE</option>
				</field>
			</fieldset>
			
			<!-- twitter -->
			<fieldset name="SOCIAL_TWITTER_BASIC">
				 <!-- search settings -->
				  <field name="twitter_consumer_key" type="text" size="55" default="Please visit twitter.com to generate keys" label="MOD_SOCIAL_TWITTER_CONSUMER_KEY" description="MOD_SOCIAL_TWITTER_CONSUMER_KEY_DESC" />
 				  <field name="twitter_consumer_secret" type="text" size="55" default="Please visit twitter.com to generate keys" label="MOD_SOCIAL_TWITTER_CONSUMER_SECRET" description="MOD_SOCIAL_TWITTER_CONSUMER_SECRET_DESC" />
 				  <field name="twitter_user_token" type="text" size="55" default="Please visit twitter.com to generate keys" label="MOD_SOCIAL_TWITTER_USER_TOKEN" description="MOD_SOCIAL_TWITTER_USER_TOKEN_DESC" />
 				  <field name="twitter_user_secret" type="text" size="55" default="Please visit twitter.com to generate keys" label="MOD_SOCIAL_TWITTER_USER_SECRET" description="MOD_SOCIAL_TWITTER_USER_SECRET_DESC" />
				 
				 <field name="twitter_search_query" type="text" default="gavickpro" label="MOD_SOCIAL_TWITTER_SEARCH_QUERY" description="MOD_SOCIAL_TWITTER_SEARCH_QUERY_DESC" />
				 <field name="twitter_tweet_amount" type="text" default="10" size="4" label="MOD_SOCIAL_TWITTER_TWEETS_AMOUNT" description="MOD_SOCIAL_TWITTER_TWEETS_AMOUNT_DESC" />
			</fieldset>
			
			<!-- twitter layout -->
			<fieldset name="SOCIAL_TWITTER_LAYOUT">
				<!-- tweets options -->
				<field name="twitter_tweet_style" type="list" default="search" label="MOD_SOCIAL_TWITTER_STYLE" description="MOD_SOCIAL_TWITTER_STYLE_DESC">
					<option value="style1">style1</option>
					<option value="style2">style2</option>
					<option value="style3">style3</option>
				 </field>
				 <field name="twitter_rows" size="2" type="text" default="5" label="MOD_SOCIAL_TWITTER_ROWS" description="MOD_SOCIAL_TWITTER_ROWS_DESC" />
				 <field name="twitter_columns" size="2" type="text" default="1" label="MOD_SOCIAL_TWITTER_COLS" description="MOD_SOCIAL_TWITTER_COLS_DESC" />
				 
				 <field name="twitter_use_css" type="radio" class="btn-group" default="1" label="MOD_SOCIAL_TWITTER_USECSS" description="MOD_SOCIAL_TWITTER_USECSS_DESC">
				        <option value="0">MOD_SOCIAL_DISABLED</option>
				        <option value="1">MOD_SOCIAL_ENABLED</option>
				</field>
				<field name="twitter_show_uname" type="radio" class="btn-group" default="1" label="MOD_SOCIAL_TWITTER_USERNAME" description="MOD_SOCIAL_TWITTER_USERNAME_DESC">
				        <option value="0">MOD_SOCIAL_DISABLED</option>
				        <option value="1">MOD_SOCIAL_ENABLED</option>
				</field>
				<field name="twitter_show_fname" type="radio" class="btn-group" default="1" label="MOD_SOCIAL_TWITTER_FNAME" description="MOD_SOCIAL_TWITTER_FNAME_DESC">
				        <option value="0">MOD_SOCIAL_DISABLED</option>
				        <option value="1">MOD_SOCIAL_ENABLED</option>
				</field>
				<field name="twitter_show_actions" type="radio" class="btn-group" default="1" label="MOD_SOCIAL_TWITTER_ACTIONS" description="MOD_SOCIAL_TWITTER_ACTIONS_DESC">
				        <option value="0">MOD_SOCIAL_DISABLED</option>
				        <option value="1">MOD_SOCIAL_ENABLED</option>
				</field>
				<field name="twitter_show_avatar" type="radio" class="btn-group" default="1" label="MOD_SOCIAL_TWITTER_AVATAR" description="MOD_SOCIAL_TWITTER_AVATAR_DESC">
				        <option value="0">MOD_SOCIAL_DISABLED</option>
				        <option value="1">MOD_SOCIAL_ENABLED</option>
				</field>
				<field name="twitter_time_mode" type="list" default="cdate" label="MOD_SOCIAL_TWITTER_TIME" description="MOD_SOCIAL_TWITTER_TIME_DESC">
				        <option value="tdate">MOD_SOCIAL_TWITTER_CDATE</option>
				        <option value="cdate">MOD_SOCIAL_TWITTER_TIMESTAMP</option>
				</field>
				<field name="twitter_cache" type="radio" class="btn-group" default="1" label="MOD_SOCIAL_TWITTER_CACHE" description="MOD_SOCIAL_TWITTER_CACHE_DESC">
				        <option value="0">MOD_SOCIAL_DISABLED</option>
				        <option value="1">MOD_SOCIAL_ENABLED</option>
				</field>
				<field name="twitter_cache_time" size="4" type="text" default="10" label="MOD_SOCIAL_CACHE_TIME" description="MOD_SOCIAL_CACHE_TIME_DESC" />
			</fieldset>
			
			
			<!-- google plus options -->
			<fieldset name="SOCIAL_GPLUS_BASIC">
				<field name="gplus_user" type="text" default="https://plus.google.com/+gavickpro" size="40" label="MOD_SOCIAL_GPLUS_GK5_USER" description="MOD_SOCIAL_GPLUS_GK5_USER_DESC"/>	
				<field name="gplus_badge_style" type="list" default="standard_badge" label="MOD_SOCIAL_GPLUS_BADGE_STYLE" description="MOD_SOCIAL_GPLUS_BADGE_STYLE_DESC">
							<option value="standard_badge">MOD_SOCIAL_GPLUS_STANDARD_BADGE</option>
							<option value="small_icon">MOD_SOCIAL_GPLUS_ICON</option>
						</field>
						<field name="gk_line_1" type="line" class="hasText" text="MOD_SOCIAL_GPLUS_BADGE_SETTINGS" />
						<field name="gplus_badge_layout" type="list" default="portrait" label="MOD_SOCIAL_GPLUS_BADGE_LAYOUT" description="MOD_SOCIAL_GPLUS_BADGE_LAYOUT_DESC">
							<option value="portrait">MOD_SOCIAL_GPLUS_PORTRAIT</option>
							<option value="landscape">MOD_SOCIAL_GPLUS_LANDSCAPE</option>
						</field>
						<field name="gplus_cover_photo" type="radio" class="btn-group" default="true" label="MOD_SOCIAL_GPLUS_COVER_PHOTO" description="MOD_SOCIAL_GPLUS_COVER_PHOTO_DESC">
							<option value="true">MOD_SOCIAL_ENABLED</option>
							<option value="false">MOD_SOCIAL_DISABLED</option>
						</field>
						<field name="gplus_tagline" type="radio" class="btn-group" default="true" label="MOD_SOCIAL_GPLUS_TAGLINE" description="MOD_SOCIAL_GPLUS_TAGLINE_DESC">
							<option value="true">MOD_SOCIAL_ENABLED</option>
							<option value="false">MOD_SOCIAL_DISABLED</option>
						</field>
						<field name="gplus_badge_width" type="text" default="300" class="input-pixels input-medium" size="5" label="MOD_SOCIAL_GPLUS_BADGE_WIDTH" description="MOD_SOCIAL_GPLUS_BADGE_WIDTH_DESC" />
						<field name="gplus_badge_color" type="radio" class="btn-group" default="light" label="MOD_SOCIAL_GPLUS_BADGE_COLOR" description="MOD_SOCIAL_GPLUS_BADGE_COLOR_DESC">
							<option value="light">MOD_SOCIAL_GPLUS_LIGHT</option>
							<option value="dark">MOD_SOCIAL_GPLUS_DARK</option>
						</field>
						<field name="gplus_lang_code" type="text" default="en" size="3" label="MOD_SOCIAL_GPLUS_LANG_CODE" description="MOD_SOCIAL_GPLUS_LANG_CODE_DESC" />
						<field name="gk_line_2" type="line" class="hasText" text="MOD_SOCIAL_GPLUS_BUTTON_SETTINGS" />
						<field name="gplus_custom_name" type="text" default="" label="MOD_SOCIAL_GPLUS_CUSTOM_NAME" description="MOD_SOCIAL_GPLUS_CUSTOM_NAME_DESC" />
						<field name="gplus_icon_size" default="32" type="radio" class="btn-group" label="MOD_SOCIAL_GPLUS_ICON_SIZE" description="MOD_SOCIAL_GPLUS_ICON_SIZE_DESC" >
							<option value="16">MOD_SOCIAL_GPLUS_SMALL_ICON</option>
							<option value="32">MOD_SOCIAL_GPLUS_MEDIUM_ICON</option>
							<option value="64">MOD_SOCIAL_GPLUS_LARGE_ICON</option>
						</field>
			</fieldset>
			
			<!-- facebook settings -->
			<fieldset name="SOCIAL_FB_BASIC">
                <field name="fb_auto_url" type="radio" class="btn-group" default="false" label="MOD_SOCIAL_FB_AUTO_URL" description="MOD_SOCIAL_FB_AUTO_URL_DESC">
	                    <option value="true">MOD_SOCIAL_ENABLED</option>
	                    <option value="false">MOD_SOCIAL_DISABLED</option>
	            </field>
                <field name="fb_site" type="text" default="www.yourdomain.com" label="MOD_SOCIAL_FB_DOMAIN" description="MOD_SOCIAL_FB_DOMAIN_DESC" />
		         <field name="fb_app_id" type="text" label="MOD_SOCIAL_FB_APP_ID" description="MOD_SOCIAL_FB_APP_ID_DESC" />
	     		<field name="fb_data_source" type="list" default="activity_feed" label="MOD_SOCIAL_FB_PLUGIN_TYPE" description="MOD_SOCIAL_FB_PLUGIN_TYPE_DESC">
		            <option value="activity_feed">MOD_SOCIAL_FB_ACTIVITY_FEED</option>
		            <option value="comments">MOD_SOCIAL_FB_COMMENTS</option>
		            <option value="facepile">MOD_SOCIAL_FB_FACEPILE</option>
                    <option value="like_box">MOD_SOCIAL_FB_LIKE_BOX</option>
                    <option value="recommendations">MOD_SOCIAL_FB_RECOMMEDATIONS</option>
	            </field>
                <field name="fb_code_type" type="radio" class="btn-group" default="HTML5" label="MOD_SOCIAL_FB_PLUGIN_CODE_TYPE" description="MOD_SOCIAL_FB_PLUGIN_CODE_TYPE_DESC">
                    <option value="iframe">MOD_SOCIAL_FB_IFRAME</option>
                    <option value="XFBML">MOD_SOCIAL_FB_XFBML</option>
                    <option value="HTML5">MOD_SOCIAL_FB_HTML5</option>
                </field>
                <field name="fb_language" type="text" default="en_US" size="4" label="MOD_SOCIAL_FB_LANGUAGE" description="MOD_SOCIAL_FB_LANGUAGE_DESC" />
			</fieldset>
			
			<fieldset name="SOCIAL_FB_ACITIVITY_FEED">
                <field name="fb_width" type="text" default="300" class="input-pixels input-medium" size="5" label="MOD_SOCIAL_FB_WIDTH" description="MOD_SOCIAL_FB_WIDTH_DESC" />
                <field name="fb_height" type="text" default="300" class="input-pixels input-medium" size="5" label="MOD_SOCIAL_FB_HEIGHT" description="MOD_SOCIAL_FB_HEIGHT_DESC" />
                <field name="fb_header" default="true" type="radio" class="btn-group" label="MOD_SOCIAL_FB_SHOW_HEADER" description="MOD_SOCIAL_FB_SHOW_HEADER_DESC">
                    <option value="true">MOD_SOCIAL_ENABLED</option>
                    <option value="false">MOD_SOCIAL_DISABLED</option>
                </field>
                <field name="fb_colorscheme" type="radio" class="btn-group" default="light" label="MOD_SOCIAL_FB_COLOR_SCHEME" description="MOD_SOCIAL_FB_COLOR_SCHEME_DESC">
                    <option value="light">MOD_SOCIAL_FB_LIGHT</option>
                    <option value="dark">MOD_SOCIAL_FB_DARK</option>
                </field>
                <field name="fb_recommendations" type="radio" class="btn-group" default="false" label="MOD_SOCIAL_FB_RECOMMEDATIONS" description="MOD_SOCIAL_FB_RECOMMENDATIONS_DESC">
                    <option value="true">MOD_SOCIAL_ENABLED</option>
                    <option value="false">MOD_SOCIAL_DISABLED</option>
                </field>
                <field name="fb_link_target" type="radio" class="btn-group" default="_blank" label="MOD_SOCIAL_FB_LINK_TARGET" description="MOD_SOCIAL_FB_LINK_TARGET_DESC">
                    <option value="_blank">_blank</option>
                    <option value="_top">_top</option>
                    <option value="_parent">_parent</option>
                </field>
                <field name="fb_max_age" type="text" default="0" label="MOD_SOCIAL_FB_MAX_AGE" description="MOD_SOCIAL_FB_MAX_AGE_DESC" />
            </fieldset>
			
           	<fieldset name="SOCIAL_FB_ACITIVITY_FEED_COMMENTS">
                <field name="fb_number_comments" type="text" default="10" size="4" label="MOD_SOCIAL_FB_NUMBER_COMMENTS" description="MOD_SOCIAL_FB_NUMBER_COMMENTS_DESC" />
                <field name="fb_width_comments" type="text" default="500" size="5" class="input-pixels input-medium" label="MOD_SOCIAL_FB_WIDTH_COMMENTS" description="MOD_SOCIAL_FB_WIDTH_COMMENTS_DESC" />
                <field name="fb_only_number" type="radio" class="btn-group" default="false" label="MOD_SOCIAL_FB_ONLY_NUMBER" description="MOD_SOCIAL_FB_ONLY_NUMBER_DESC">
                    <option value="true">MOD_SOCIAL_ENABLED</option>
                    <option value="false">MOD_SOCIAL_DISABLED</option>
                </field>
                <field name="fb_comments_colorscheme" type="radio" class="btn-group" default="light" label="MOD_SOCIAL_FB_COLOR_SCHEME" description="MOD_SOCIAL_FB_PLUGIN_COLOR_SCHEME_DESC">
                    <option value="light">MOD_SOCIAL_FB_LIGHT</option>
                    <option value="dark">MOD_SOCIAL_FB_DARK</option>
                </field>
                <field name="fb_only_number_add" type="text" default="awesome comments" label="MOD_SOCIAL_FB_ONLY_NUMBER_ADD" description="MOD_SOCIAL_FB_ONLY_NUMBER_ADD_DESC" />
                <field name="fb_only_number_url" type="radio" class="btn-group" default="false" label="MOD_SOCIAL_FB_ONLY_NUMBER_URL" description="MOD_SOCIAL_FB_ONLY_NUMBER_URL_DESC">
                    <option value="true">MOD_SOCIAL_ENABLED</option>
                    <option value="false">MOD_SOCIAL_DISABLED</option>
                </field>
                <field name="fb_comments_admin_id" type="text" label="MOD_SOCIAL_FB_COMMENTS_ADMIN_ID" description="MOD_SOCIAL_FB_COMMENTS_ADMIN_ID_DESC" />
            </fieldset>
			
            <fieldset name="SOCIAL_FB_FACEPILE">
                <field name="fb_facepile_width" type="text" default="200" size="5" class="input-pixels input-medium" label="MOD_SOCIAL_FB_FACEPILE_WIDTH" description="MOD_SOCIAL_FB_FACEPILE_WIDTH_DESC" />
                <field name="fb_facepile_num_rows" type="text" default="2" size="2" label="MOD_SOCIAL_FB_FACEPILE_NUM_ROWS" description="MOD_SOCIAL_FB_FACEPILE_NUM_ROWS_DESC" />
                <field name="fb_facepile_colorscheme" type="radio" class="btn-group" default="light" label="MOD_SOCIAL_FB_COLOR_SCHEME" description="MOD_SOCIAL_FB_PLUGIN_COLOR_SCHEME_DESC">
                    <option value="light">MOD_SOCIAL_FB_LIGHT</option>
                    <option value="dark">MOD_SOCIAL_FB_DARK</option>
                </field>
                <field name="fb_facepile_size" type="radio" class="btn-group" default="medium" label="MOD_SOCIAL_FB_FACEPILE_SIZE" description="MOD_SOCIAL_FB_FACEPILE_SIZE_DESC">
                        <option value="small">MOD_SOCIAL_FB_SMALL</option>
                        <option value="medium">MOD_SOCIAL_FB_MEDIUM</option>
                        <option value="large">MOD_SOCIAL_FB_LARGE</option>
                </field>
            </fieldset>
			
            <fieldset name="SOCIAL_FB_LIKEBOX">
                <field name="fb_likebox_width" type="text" default="300" size="5" class="input-pixels input-medium" label="MOD_SOCIAL_FB_WIDTH" description="MOD_SOCIAL_FB_WIDTH_DESC" />
                <field name="fb_likebox_height" type="text" default="600" size="5" class="input-pixels input-medium" label="MOD_SOCIAL_FB_HEIGHT" description="MOD_SOCIAL_FB_HEIGHT_DESC" />
                <field name="fb_likebox_colorscheme" type="radio" class="btn-group" default="light" label="MOD_SOCIAL_FB_COLOR_SCHEME" description="MOD_SOCIAL_FB_PLUGIN_COLOR_SCHEME_DESC">
                    <option value="light">MOD_SOCIAL_FB_LIGHT</option>
                    <option value="dark">MOD_SOCIAL_FB_DARK</option>
                </field>
                <field name="fb_likebox_header" type="radio" class="btn-group" default="true" label="MOD_SOCIAL_FB_SHOW_HEADER" description="MOD_SOCIAL_FB_PLUGIN_SHOW_HEADER_DESC">
                    <option value="true">MOD_SOCIAL_ENABLED</option>
                    <option value="false">MOD_SOCIAL_DISABLED</option>
                </field>
                <field name="fb_likebox_show_border" type="radio" class="btn-group" default="true" label="MOD_FB_SHOW_BORDER" description="MOD_FB_SHOW_BORDER_DESC">
                	<option value="true">MOD_SOCIAL_ENABLED</option>
					<option value="false">MOD_SOCIAL_DISABLED</option>
                </field>
                <field name="fb_likebox_faces" type="radio" class="btn-group" default="true" label="MOD_SOCIAL_FB_LIKEBOX_SHOW_FACES" description="MOD_SOCIAL_FB_LIKEBOX_SHOW_FACES_DESC">
                    <option value="true">MOD_SOCIAL_ENABLED</option>
                    <option value="false">MOD_SOCIAL_DISABLED</option>
                </field>
                <field name="fb_likebox_stream" type="radio" class="btn-group" default="true" label="MOD_SOCIAL_FB_LIKEBOX_STREAM" description="MOD_SOCIAL_FB_LIKEBOX_STREAM_DESC">
                    <option value="true">MOD_SOCIAL_ENABLED</option>
                    <option value="false">MOD_SOCIAL_DISABLED</option>
                </field>
            </fieldset>
         	
            <fieldset name="SOCIAL_FB_RECOMMENDATIONS">
                <field name="fb_rec_width" type="text" default="300" size="5" class="input-pixels input-medium" label="MOD_SOCIAL_FB_WIDTH" description="MOD_SOCIAL_FB_WIDTH_DESC" />
                <field name="fb_rec_height" type="text" default="500" size="5" class="input-pixels input-medium" label="MOD_SOCIAL_FB_HEIGHT" description="MOD_SOCIAL_FB_HEIGHT_DESC" />
                <field name="fb_rec_header" type="radio" class="btn-group" default="true" label="MOD_SOCIAL_FB_SHOW_HEADER" description="MOD_SOCIAL_FB_PLUGIN_SHOW_HEADER_DESC">
                    <option value="true">MOD_SOCIAL_ENABLED</option>
                    <option value="false">MOD_SOCIAL_DISABLED</option>
                </field>
                <field name="fb_rec_colorscheme" type="radio" class="btn-group" default="light" label="MOD_SOCIAL_FB_COLOR_SCHEME" description="MOD_SOCIAL_FB_PLUGIN_COLOR_SCHEME_DESC">
                    <option value="light">MOD_SOCIAL_FB_LIGHT</option>
                    <option value="dark">MOD_SOCIAL_FB_DARK</option>
                </field>
               <field name="fb_rec_max_age" type="text" default="0" size="5" label="MOD_SOCIAL_FB_MAX_AGE" description="MOD_SOCIAL_FB_MAX_AGE_DESC" />
                <field name="fb_rec_link_target" type="radio" class="btn-group" default="_blank" label="MOD_SOCIAL_FB_LINK_TARGET" description="MOD_SOCIAL_FB_LINK_TARGET_DESC">
                    <option value="_blank">_blank</option>
                    <option value="_top">_top</option>
                    <option value="_parent">_parent</option>
                </field>
            </fieldset>
			
			<!-- about us -->
			<fieldset name="SOCIAL_ABOUT_US" addfieldpath="/modules/mod_social_gk5/admin/elements">
			    <field type="about" name="about_us" /> 
			</fieldset>
		</fields>
	</config>
</extension>
